,_id,ID,Name,global_id,Photo,AdmArea,District,DepartmentalAffiliation,Address,Capacity,ObjectOperOrgName,ObjectOperOrgPhone,Longitude_WGS84,Latitude_WGS84,geoData,geodata_center
0,624b10b84174701856b96df4,32,Велосипедная парковка № 37124 «Гимназия № 1506»,2757725,4b2327b3-55af-4ff1-ab55-786c1d199557,Северо-Восточный административный округ,район Северное Медведково,Департамент транспорта и развития дорожно-транспортной инфраструктуры города Москвы,"Широкая улица, дом 1А",10,ГКУ Центр организации дорожного движения Правительства Москвы,[{'OperationOrganizationPhone': '(495) 361-78-07'}],37.650781,55.889628,"{'coordinates': [37.650781, 55.889628], 'type': 'Point'}","{'coordinates': [37.650781, 55.889628], 'type': 'Point'}"
1,624b10b84174701856b96df5,35,Велосипедная парковка № 37018 «Школа здоровья № 266»,2757728,87a68eb2-aa64-47e7-8970-998244ba36bd,Северо-Восточный административный округ,район Лианозово,Департамент транспорта и развития дорожно-транспортной инфраструктуры города Москвы,"Череповецкая улица, дом 10А",10,ГКУ Центр организации дорожного движения Правительства Москвы,[{'OperationOrganizationPhone': '(495) 361-78-07'}],37.570777,55.896533,"{'coordinates': [37.570777, 55.896533], 'type': 'Point'}","{'coordinates': [37.570777, 55.896533], 'type': 'Point'}"
2,624b10b84174701856b96df6,36,Велосипедная парковка № 37106 «Центр образования № 1459»,2757729,da0d57c7-03f4-47d7-b7e6-291d87f517bd,Северо-Восточный административный округ,район Отрадное,Департамент транспорта и развития дорожно-транспортной инфраструктуры города Москвы,"Отрадная улица, дом 11А",10,ГКУ Центр организации дорожного движения Правительства Москвы,[{'OperationOrganizationPhone': '(495) 361-78-07'}],37.612922,55.857407,"{'coordinates': [37.612922, 55.857407], 'type': 'Point'}","{'coordinates': [37.612922, 55.857407], 'type': 'Point'}"
3,624b10b84174701856b96df7,38,Велосипедная парковка № 37017 «Школа № 263»,2757731,21da1cde-ed77-4508-880a-bf29ff90db84,Северо-Восточный административный округ,район Отрадное,Департамент транспорта и развития дорожно-транспортной инфраструктуры города Москвы,"Отрадная улица, дом 11Б",10,ГКУ Центр организации дорожного движения Правительства Москвы,[{'OperationOrganizationPhone': '(495) 361-78-07'}],37.613732,55.856873,"{'coordinates': [37.613732, 55.856873], 'type': 'Point'}","{'coordinates': [37.613732, 55.856873], 'type': 'Point'}"
4,624b10b84174701856b96df8,40,Велосипедная парковка № 37061 «Школа № 950»,2757733,9e8b9d52-6939-478e-ae10-20dd9dffd969,Северо-Восточный административный округ,район Отрадное,Департамент транспорта и развития дорожно-транспортной инфраструктуры города Москвы,"Отрадная улица, дом 1А",10,ГКУ Центр организации дорожного движения Правительства Москвы,[{'OperationOrganizationPhone': '(495) 361-78-07'}],37.604736,55.859911,"{'coordinates': [37.604736, 55.859911], 'type': 'Point'}","{'coordinates': [37.604736, 55.859911], 'type': 'Point'}"
5,624b10b84174701856b96df9,2,Велосипедная парковка № 37026 «Школа № 301»,2757735,89259401-36c8-4b51-b6af-8752032c53bf,Северо-Восточный административный округ,Алтуфьевский район,Департамент транспорта и развития дорожно-транспортной инфраструктуры города Москвы,"Алтуфьевское шоссе, дом 60Б",10,ГКУ Центр организации дорожного движения Правительства Москвы,[{'OperationOrganizationPhone': '(495) 361-78-07'}],37.591231,55.883355,"{'coordinates': [37.591231, 55.883355], 'type': 'Point'}","{'coordinates': [37.591231, 55.883355], 'type': 'Point'}"
6,624b10b84174701856b96dfa,5,Велосипедная парковка № 37085 «Школа № 1414»,2757738,6b46272a-c85b-404e-86f9-6de2a03fdcf4,Северо-Восточный административный округ,район Марьина Роща,Департамент транспорта и развития дорожно-транспортной инфраструктуры города Москвы,"улица Советской Армии, дом 9",10,ГКУ Центр организации дорожного движения Правительства Москвы,[{'OperationOrganizationPhone': '(495) 361-78-07'}],37.616177,55.789416,"{'coordinates': [37.616177, 55.789416], 'type': 'Point'}","{'coordinates': [37.616177, 55.789416], 'type': 'Point'}"
7,624b10b84174701856b96dfb,7,Велосипедная парковка № 37004 «Школа № 242»,2757740,e707d6b5-6b5d-4406-b5fe-c41871723a1b,Северо-Восточный административный округ,район Марьина Роща,Департамент транспорта и развития дорожно-транспортной инфраструктуры города Москвы,"1-й проезд Марьиной Рощи, дом 3А",10,ГКУ Центр организации дорожного движения Правительства Москвы,[{'OperationOrganizationPhone': '(495) 361-78-07'}],37.622192,55.793707,"{'coordinates': [37.622192, 55.793707], 'type': 'Point'}","{'coordinates': [37.622192, 55.793707], 'type': 'Point'}"
8,624b10b84174701856b96dfc,8,Велосипедная парковка № 37158 «Спецшкола - интернат № 35»,2757741,2676ca53-7b00-4fae-98b4-6712f07ffe43,Северо-Восточный административный округ,район Марьина Роща,Департамент транспорта и развития дорожно-транспортной инфраструктуры города Москвы,"Новосущёвская улица, дом 7",10,ГКУ Центр организации дорожного движения Правительства Москвы,[{'OperationOrganizationPhone': '(495) 361-78-07'}],37.603125,55.787099,"{'coordinates': [37.603125, 55.787099], 'type': 'Point'}","{'coordinates': [37.603125, 55.787099], 'type': 'Point'}"
9,624b10b84174701856b96dfd,12,Велосипедная парковка № 37096 «Центр образования № 293»,2757745,8a2dd79b-88f2-4f24-9744-a18582d6a6ee,Северо-Восточный административный округ,Алексеевский район,Департамент транспорта и развития дорожно-транспортной инфраструктуры города Москвы,"Ярославская улица, дом 27",10,ГКУ Центр организации дорожного движения Правительства Москвы,[{'OperationOrganizationPhone': '(495) 361-78-07'}],37.653290,55.827312,"{'coordinates': [37.65329, 55.827312], 'type': 'Point'}","{'coordinates': [37.65329, 55.827312], 'type': 'Point'}"
10,624b10b84174701856b96dfe,30,Велосипедная парковка № 37080 «Школа № 1380»,2757751,c42b2c8b-3ed9-4a54-9101-c965eee0bf7d,Северо-Восточный административный округ,район Северное Медведково,Департамент транспорта и развития дорожно-транспортной инфраструктуры города Москвы,"улица Тихомирова, дом 10",10,ГКУ Центр организации дорожного движения Правительства Москвы,[{'OperationOrganizationPhone': '(495) 361-78-07'}],37.651831,55.884897,"{'coordinates': [37.651831, 55.884897], 'type': 'Point'}","{'coordinates': [37.651831, 55.884897], 'type': 'Point'}"
11,624b10b84174701856b96dff,75,Велосипедная парковка № 37123 «Гимназия № 1503»,2757753,224caf27-494a-4b50-898f-b541ae2d85f5,Северо-Восточный административный округ,Алексеевский район,Департамент транспорта и развития дорожно-транспортной инфраструктуры города Москвы,"улица Константинова, дом 20, корпус 1",10,ГКУ Центр организации дорожного движения Правительства Москвы,[{'OperationOrganizationPhone': '(495) 361-78-07'}],37.658057,55.817218,"{'coordinates': [37.658057, 55.817218], 'type': 'Point'}","{'coordinates': [37.658057, 55.817218], 'type': 'Point'}"
12,624b10b84174701856b96e00,76,Велосипедная парковка № 37093 «Школа надомного обучения № 410»,2757754,dd7dd55f-b7f5-452e-ab9c-84bf92219e21,Северо-Восточный административный округ,район Ростокино,Департамент транспорта и развития дорожно-транспортной инфраструктуры города Москвы,"улица Докукина, дом 5",10,ГКУ Центр организации дорожного движения Правительства Москвы,[{'OperationOrganizationPhone': '(495) 361-78-07'}],37.653677,55.837235,"{'coordinates': [37.653677, 55.837235], 'type': 'Point'}","{'coordinates': [37.653677, 55.837235], 'type': 'Point'}"
13,624b10b84174701856b96e01,79,Велосипедная парковка № 37140 «Гимназия № 1577»,2757757,5e96c43c-0dea-4253-a1c0-c34e2c3cc3c8,Северо-Восточный административный округ,Ярославский район,Департамент транспорта и развития дорожно-транспортной инфраструктуры города Москвы,"Ярославское шоссе, дом 8, корпус 6",10,ГКУ Центр организации дорожного движения Правительства Москвы,[{'OperationOrganizationPhone': '(495) 361-78-07'}],37.690287,55.852798,"{'coordinates': [37.690287, 55.852798], 'type': 'Point'}","{'coordinates': [37.690287, 55.852798], 'type': 'Point'}"
14,624b10b84174701856b96e02,80,Велосипедная парковка № 37135 «Гимназия № 1558 им. Росалии де Кастро»,2757758,b72fffc6-4bcc-4d3d-a2e7-6e614c408fd6,Северо-Восточный административный округ,Бабушкинский район,Департамент транспорта и развития дорожно-транспортной инфраструктуры города Москвы,"Чукотский проезд, дом 6",10,ГКУ Центр организации дорожного движения Правительства Москвы,[{'OperationOrganizationPhone': '(495) 361-78-07'}],37.654481,55.868075,"{'coordinates': [37.654481, 55.868075], 'type': 'Point'}","{'coordinates': [37.654481, 55.868075], 'type': 'Point'}"
15,624b10b84174701856b96e03,83,Велосипедная парковка № 37045 «Школа № 750»,2757761,611414fb-f6bb-4f3d-9d77-83edd3c19085,Северо-Восточный административный округ,Ярославский район,Департамент транспорта и развития дорожно-транспортной инфраструктуры города Москвы,"Палехская улица, дом 8",10,ГКУ Центр организации дорожного движения Правительства Москвы,[{'OperationOrganizationPhone': '(495) 361-78-07'}],37.695943,55.864923,"{'coordinates': [37.695943, 55.864923], 'type': 'Point'}","{'coordinates': [37.695943, 55.864923], 'type': 'Point'}"
16,624b10b84174701856b96e04,88,Велосипедная парковка № 37051 «Школа № 753»,2757766,607d3a8c-57fe-4bfb-b3d8-8b45b05ab553,Северо-Восточный административный округ,район Северное Медведково,Департамент транспорта и развития дорожно-транспортной инфраструктуры города Москвы,"улица Грекова, дом 20",10,ГКУ Центр организации дорожного движения Правительства Москвы,[{'OperationOrganizationPhone': '(495) 361-78-07'}],37.664243,55.891110,"{'coordinates': [37.664243, 55.89111], 'type': 'Point'}","{'coordinates': [37.664243, 55.89111], 'type': 'Point'}"
17,624b10b84174701856b96e05,89,Велосипедная парковка № 37056 «Школа № 760 им. Маресьева»,2757767,7e1dad9d-de6f-4fae-88e4-aa2c838200c1,Северо-Восточный административный округ,Ярославский район,Департамент транспорта и развития дорожно-транспортной инфраструктуры города Москвы,"Ярославское шоссе, дом 147",10,ГКУ Центр организации дорожного движения Правительства Москвы,[{'OperationOrganizationPhone': '(495) 361-78-07'}],37.719983,55.880987,"{'coordinates': [37.719983, 55.880987], 'type': 'Point'}","{'coordinates': [37.719983, 55.880987], 'type': 'Point'}"
18,624b10b84174701856b96e06,91,Велосипедная парковка № 37146 «Лицей информационных технологий № 1537»,2757768,fbc9e7f2-fef3-4c50-a064-133a7b5faeb5,Северо-Восточный административный округ,Ярославский район,Департамент транспорта и развития дорожно-транспортной инфраструктуры города Москвы,"улица Проходчиков, дом 9",10,ГКУ Центр организации дорожного движения Правительства Москвы,[{'OperationOrganizationPhone': '(495) 361-78-07'}],37.718627,55.874295,"{'coordinates': [37.718627, 55.874295], 'type': 'Point'}","{'coordinates': [37.718627, 55.874295], 'type': 'Point'}"
19,624b10b84174701856b96e07,92,Велосипедная парковка № 37088 «Школа № 1955»,2757769,435d292d-1e84-4815-a2da-910d280c7a8f,Северо-Восточный административный округ,Лосиноостровский район,Департамент транспорта и развития дорожно-транспортной инфраструктуры города Москвы,"Тайнинская улица, дом 15, корпус 3",10,ГКУ Центр организации дорожного движения Правительства Москвы,[{'OperationOrganizationPhone': '(495) 361-78-07'}],37.683001,55.884724,"{'coordinates': [37.683001, 55.884724], 'type': 'Point'}","{'coordinates': [37.683001, 55.884724], 'type': 'Point'}"
20,624b10b84174701856b96e08,94,Велосипедная парковка № 37040 «Школа № 529»,2757771,fa04296f-9131-48cd-8062-9c5498df2567,Северо-Восточный административный округ,Лосиноостровский район,Департамент транспорта и развития дорожно-транспортной инфраструктуры города Москвы,"2-я Напрудная улица, дом 17",10,ГКУ Центр организации дорожного движения Правительства Москвы,[{'OperationOrganizationPhone': '(495) 361-78-07'}],37.688892,55.879303,"{'coordinates': [37.688892, 55.879303], 'type': 'Point'}","{'coordinates': [37.688892, 55.879303], 'type': 'Point'}"
21,624b10b84174701856b96e09,95,Велосипедная парковка № 37053 «Школа № 756»,2757772,c46367d1-ff44-42d1-850d-3bb36e42eb09,Северо-Восточный административный округ,район Северное Медведково,Департамент транспорта и развития дорожно-транспортной инфраструктуры города Москвы,"улица Грекова, дом 11А",10,ГКУ Центр организации дорожного движения Правительства Москвы,[{'OperationOrganizationPhone': '(495) 361-78-07'}],37.659036,55.890495,"{'coordinates': [37.659036, 55.890495], 'type': 'Point'}","{'coordinates': [37.659036, 55.890495], 'type': 'Point'}"
22,624b10b84174701856b96e0a,18,Велосипедная парковка № 37008 «Школа № 250»,2757774,47e4bee8-ebe9-47b5-9828-d65ea2e683f9,Северо-Восточный административный округ,Бутырский район,Департамент транспорта и развития дорожно-транспортной инфраструктуры города Москвы,"улица Гончарова, дом 15Б",10,ГКУ Центр организации дорожного движения Правительства Москвы,[{'OperationOrganizationPhone': '(495) 361-78-07'}],37.586505,55.817643,"{'coordinates': [37.586505, 55.817643], 'type': 'Point'}","{'coordinates': [37.586505, 55.817643], 'type': 'Point'}"
23,624b10b84174701856b96e0b,20,Велосипедная парковка № 37166 «Московский кадетский корпус Героев Космоса № 1783»,2757776,34b87e5f-8a18-4fcb-8d9a-0bdd2cf4c233,Северо-Восточный административный округ,Останкинский район,Департамент транспорта и развития дорожно-транспортной инфраструктуры города Москвы,"3-я Новоостанкинская улица, дом 6",10,ГКУ Центр организации дорожного движения Правительства Москвы,[{'OperationOrganizationPhone': '(495) 361-78-07'}],37.626826,55.817960,"{'coordinates': [37.626826, 55.81796], 'type': 'Point'}","{'coordinates': [37.626826, 55.81796], 'type': 'Point'}"
24,624b10b84174701856b96e0c,23,Велосипедная парковка № 37122 «Гимназия № 1503»,2757779,af2c90cc-9499-46a1-b275-1de13c3e2128,Северо-Восточный административный округ,Алексеевский район,Департамент транспорта и развития дорожно-транспортной инфраструктуры города Москвы,"улица Павла Корчагина, дом 18",10,ГКУ Центр организации дорожного движения Правительства Москвы,[{'OperationOrganizationPhone': '(495) 361-78-07'}],37.662338,55.818512,"{'coordinates': [37.662338, 55.818512], 'type': 'Point'}","{'coordinates': [37.662338, 55.818512], 'type': 'Point'}"
25,624b10b84174701856b96e0d,27,Велосипедная парковка № 37062 «Школа № 952»,2757783,7024409a-7cb4-4d48-986d-1d4d035e02b7,Северо-Восточный административный округ,район Отрадное,Департамент транспорта и развития дорожно-транспортной инфраструктуры города Москвы,"улица Декабристов, дом 8, корпус 4",10,ГКУ Центр организации дорожного движения Правительства Москвы,[{'OperationOrganizationPhone': '(495) 361-78-07'}],37.596589,55.863392,"{'coordinates': [37.596589, 55.863392], 'type': 'Point'}","{'coordinates': [37.596589, 55.863392], 'type': 'Point'}"
26,624b10b84174701856b96e0e,96,Велосипедная парковка № 37021 «Школа № 290»,2757785,ee45ecb8-1fbc-4a64-a30d-f0cc471b748b,Северо-Восточный административный округ,район Северное Медведково,Департамент транспорта и развития дорожно-транспортной инфраструктуры города Москвы,"улица Грекова, дом 11Б",10,ГКУ Центр организации дорожного движения Правительства Москвы,[{'OperationOrganizationPhone': '(495) 361-78-07'}],37.656971,55.890503,"{'coordinates': [37.656971, 55.890503], 'type': 'Point'}","{'coordinates': [37.656971, 55.890503], 'type': 'Point'}"
27,624b10b84174701856b96e0f,52,Велосипедная парковка № 37065 «Школа № 958»,2757788,797b964d-8900-463e-a7e1-d5f75115193b,Северо-Восточный административный округ,район Отрадное,Департамент транспорта и развития дорожно-транспортной инфраструктуры города Москвы,"Северный бульвар, дом 11",10,ГКУ Центр организации дорожного движения Правительства Москвы,[{'OperationOrganizationPhone': '(495) 361-78-07'}],37.608500,55.868309,"{'coordinates': [37.6085, 55.868309], 'type': 'Point'}","{'coordinates': [37.6085, 55.868309], 'type': 'Point'}"
28,624b10b84174701856b96e10,53,Велосипедная парковка № 37037 «Школа № 332»,2757789,7c098476-6e28-4085-99d9-21beee34a2b8,Северо-Восточный административный округ,район Бибирево,Департамент транспорта и развития дорожно-транспортной инфраструктуры города Москвы,"улица Корнейчука, дом 52А",10,ГКУ Центр организации дорожного движения Правительства Москвы,[{'OperationOrganizationPhone': '(495) 361-78-07'}],37.625845,55.895538,"{'coordinates': [37.625845, 55.895538], 'type': 'Point'}","{'coordinates': [37.625845, 55.895538], 'type': 'Point'}"
29,624b10b84174701856b96e11,55,Велосипедная парковка № 37118 «Центр образования № 1682»,2757791,db8d87b7-db74-4d23-a2f5-dcdcc7039447,Северо-Восточный административный округ,район Бибирево,Департамент транспорта и развития дорожно-транспортной инфраструктуры города Москвы,"улица Корнейчука, дом 14А",10,ГКУ Центр организации дорожного движения Правительства Москвы,[{'OperationOrganizationPhone': '(495) 361-78-07'}],37.609719,55.900882,"{'coordinates': [37.609719, 55.900882], 'type': 'Point'}","{'coordinates': [37.609719, 55.900882], 'type': 'Point'}"
30,624b10b84174701856b96e12,56,Велосипедная парковка № 37066 «Школа № 960»,2757792,90311369-84ab-481d-8280-be1e257863cc,Северо-Восточный административный округ,район Бибирево,Департамент транспорта и развития дорожно-транспортной инфраструктуры города Москвы,"улица Конёнкова, дом 4А",10,ГКУ Центр организации дорожного движения Правительства Москвы,[{'OperationOrganizationPhone': '(495) 361-78-07'}],37.608144,55.888180,"{'coordinates': [37.608144, 55.88818], 'type': 'Point'}","{'coordinates': [37.608144, 55.88818], 'type': 'Point'}"
31,624b10b84174701856b96e13,57,Велосипедная парковка № 37005 «Школа № 245»,2757793,ff1cc54e-b994-40e1-b619-25fc40cc4fad,Северо-Восточный административный округ,район Бибирево,Департамент транспорта и развития дорожно-транспортной инфраструктуры города Москвы,"улица Конёнкова, дом 10А",10,ГКУ Центр организации дорожного движения Правительства Москвы,[{'OperationOrganizationPhone': '(495) 361-78-07'}],37.612743,55.890883,"{'coordinates': [37.612743, 55.890883], 'type': 'Point'}","{'coordinates': [37.612743, 55.890883], 'type': 'Point'}"
32,624b10b84174701856b96e14,59,Велосипедная парковка № 37024 «Школа № 298»,2757794,9340d9d3-d31f-42a7-bf02-ac5e6dfb81dd,Северо-Восточный административный округ,Лосиноостровский район,Департамент транспорта и развития дорожно-транспортной инфраструктуры города Москвы,"Изумрудная улица, дом 13, корпус 3",10,ГКУ Центр организации дорожного движения Правительства Москвы,[{'OperationOrganizationPhone': '(495) 361-78-07'}],37.680794,55.872517,"{'coordinates': [37.680794, 55.872517], 'type': 'Point'}","{'coordinates': [37.680794, 55.872517], 'type': 'Point'}"
33,624b10b84174701856b96e15,60,Велосипедная парковка № 37149 «Спецшкола № 309»,2757795,b2d9ebf5-ca8f-404f-ab5c-04c2c6e783ea,Северо-Восточный административный округ,Бабушкинский район,Департамент транспорта и развития дорожно-транспортной инфраструктуры города Москвы,"улица Коминтерна, дом 16, корпус 1",10,ГКУ Центр организации дорожного движения Правительства Москвы,[{'OperationOrganizationPhone': '(495) 361-78-07'}],37.679557,55.863480,"{'coordinates': [37.679557, 55.86348], 'type': 'Point'}","{'coordinates': [37.679557, 55.86348], 'type': 'Point'}"
34,624b10b84174701856b96e16,61,Велосипедная парковка № 37147 «Лицей № 1568»,2757796,9dc78603-7f74-45eb-8971-3fcd56b7ff26,Северо-Восточный административный округ,район Южное Медведково,Департамент транспорта и развития дорожно-транспортной инфраструктуры города Москвы,"проезд Шокальского, дом 7, корпус 2",10,ГКУ Центр организации дорожного движения Правительства Москвы,[{'OperationOrganizationPhone': '(495) 361-78-07'}],37.642894,55.874799,"{'coordinates': [37.642894, 55.874799], 'type': 'Point'}","{'coordinates': [37.642894, 55.874799], 'type': 'Point'}"
35,624b10b84174701856b96e17,63,Велосипедная парковка № 37074 «Школа № 1237 им. Пабло Неруды»,2757798,893bbd1e-4c24-4c6c-87ac-bcb4f9b95848,Северо-Восточный административный округ,район Южное Медведково,Департамент транспорта и развития дорожно-транспортной инфраструктуры города Москвы,"проезд Шокальского, дом 11, корпус 3",10,ГКУ Центр организации дорожного движения Правительства Москвы,[{'OperationOrganizationPhone': '(495) 361-78-07'}],37.641773,55.874424,"{'coordinates': [37.641773, 55.874424], 'type': 'Point'}","{'coordinates': [37.641773, 55.874424], 'type': 'Point'}"
36,624b10b84174701856b96e18,67,Велосипедная парковка № 37060 «Школа № 910»,2757802,11e18172-8821-45bb-a7f5-0f6670971369,Северо-Восточный административный округ,Бабушкинский район,Департамент транспорта и развития дорожно-транспортной инфраструктуры города Москвы,"Ленская улица, дом 6",10,ГКУ Центр организации дорожного движения Правительства Москвы,[{'OperationOrganizationPhone': '(495) 361-78-07'}],37.671186,55.866220,"{'coordinates': [37.671186, 55.86622], 'type': 'Point'}","{'coordinates': [37.671186, 55.86622], 'type': 'Point'}"
37,624b10b84174701856b96e19,73,Велосипедная парковка № 37097 «Центр образования № 293»,2757808,baf92c98-d03f-4140-9edb-e8a4a00cea59,Северо-Восточный административный округ,Алексеевский район,Департамент транспорта и развития дорожно-транспортной инфраструктуры города Москвы,"улица Касаткина, дом 1",10,ГКУ Центр организации дорожного движения Правительства Москвы,[{'OperationOrganizationPhone': '(495) 361-78-07'}],37.652070,55.826980,"{'coordinates': [37.65207, 55.82698], 'type': 'Point'}","{'coordinates': [37.65207, 55.82698], 'type': 'Point'}"
38,624b10b84174701856b96e1a,74,Велосипедная парковка № 37167 «Спортивно - адаптивная школа»,2757809,f4c2214d-30d0-48f4-8648-bb6a4fb41657,Северо-Восточный административный округ,Алексеевский район,Департамент транспорта и развития дорожно-транспортной инфраструктуры города Москвы,"улица Касаткина, дом 23",10,ГКУ Центр организации дорожного движения Правительства Москвы,[{'OperationOrganizationPhone': '(495) 361-78-07'}],37.667592,55.823735,"{'coordinates': [37.667592, 55.823735], 'type': 'Point'}","{'coordinates': [37.667592, 55.823735], 'type': 'Point'}"
39,624b10b84174701856b96e1b,42,Велосипедная парковка № 37153 «Специальная начальная школа - детский сад № 1879»,2757813,11e5b11a-b1fa-4467-b1b7-67be6b4be37d,Северо-Восточный административный округ,район Отрадное,Департамент транспорта и развития дорожно-транспортной инфраструктуры города Москвы,"улица Бестужевых, дом 27Б",10,ГКУ Центр организации дорожного движения Правительства Москвы,[{'OperationOrganizationPhone': '(495) 361-78-07'}],37.614213,55.870720,"{'coordinates': [37.614213, 55.87072], 'type': 'Point'}","{'coordinates': [37.614213, 55.87072], 'type': 'Point'}"
40,624b10b84174701856b96e1c,44,Велосипедная парковка № 37117 «Центр образования № 1682»,2757815,9350b64b-253d-4d45-b483-bd97e63a9304,Северо-Восточный административный округ,район Бибирево,Департамент транспорта и развития дорожно-транспортной инфраструктуры города Москвы,"Белозерская улица, дом 7",10,ГКУ Центр организации дорожного движения Правительства Москвы,[{'OperationOrganizationPhone': '(495) 361-78-07'}],37.611677,55.898552,"{'coordinates': [37.611677, 55.898552], 'type': 'Point'}","{'coordinates': [37.611677, 55.898552], 'type': 'Point'}"
41,624b10b84174701856b96e1d,45,Велосипедная парковка № 37019 «Школа № 267»,2757816,6ac485f9-4166-4899-a82c-7e34307f18bd,Северо-Восточный административный округ,район Отрадное,Департамент транспорта и развития дорожно-транспортной инфраструктуры города Москвы,"улица Бестужевых, дом 23",10,ГКУ Центр организации дорожного движения Правительства Москвы,[{'OperationOrganizationPhone': '(495) 361-78-07'}],37.609641,55.871956,"{'coordinates': [37.609641, 55.871956], 'type': 'Point'}","{'coordinates': [37.609641, 55.871956], 'type': 'Point'}"
42,624b10b84174701856b96e1e,46,Велосипедная парковка № 37084 «Школа № 1413»,2757817,8a088406-2295-4284-a90b-cf0628f7860f,Северо-Восточный административный округ,район Бибирево,Департамент транспорта и развития дорожно-транспортной инфраструктуры города Москвы,"Белозерская улица, дом 15",10,ГКУ Центр организации дорожного движения Правительства Москвы,[{'OperationOrganizationPhone': '(495) 361-78-07'}],37.617197,55.896850,"{'coordinates': [37.617197, 55.89685], 'type': 'Point'}","{'coordinates': [37.617197, 55.89685], 'type': 'Point'}"
43,624b10b84174701856b96e1f,47,Велосипедная парковка № 37134 «Гимназия № 1554»,2757818,fe0102a6-81b8-4135-addc-810f6e49d866,Северо-Восточный административный округ,район Отрадное,Департамент транспорта и развития дорожно-транспортной инфраструктуры города Москвы,"улица Бестужевых, дом 10А",10,ГКУ Центр организации дорожного движения Правительства Москвы,[{'OperationOrganizationPhone': '(495) 361-78-07'}],37.606508,55.869281,"{'coordinates': [37.606508, 55.869281], 'type': 'Point'}","{'coordinates': [37.606508, 55.869281], 'type': 'Point'}"
44,624b10b84174701856b96e20,48,Велосипедная парковка № 37141 «Государственная столичная гимназия»,2757819,536c4b6f-fab1-417a-a05f-a5bd6d5e7037,Северо-Восточный административный округ,район Бибирево,Департамент транспорта и развития дорожно-транспортной инфраструктуры города Москвы,"Белозерская улица, дом 12",10,ГКУ Центр организации дорожного движения Правительства Москвы,[{'OperationOrganizationPhone': '(495) 361-78-07'}],37.616369,55.895965,"{'coordinates': [37.616369, 55.895965], 'type': 'Point'}","{'coordinates': [37.616369, 55.895965], 'type': 'Point'}"
45,624b10b84174701856b96e21,49,Велосипедная парковка № 37057 «Школа № 761»,2757820,66d0f64e-edd3-4cdf-8b08-596a6ee6aafa,Северо-Восточный административный округ,район Отрадное,Департамент транспорта и развития дорожно-транспортной инфраструктуры города Москвы,"улица Бестужевых, дом 1",10,ГКУ Центр организации дорожного движения Правительства Москвы,[{'OperationOrganizationPhone': '(495) 361-78-07'}],37.597187,55.868904,"{'coordinates': [37.597187, 55.868904], 'type': 'Point'}","{'coordinates': [37.597187, 55.868904], 'type': 'Point'}"
46,624b10b94174701856b96e75,418,Велосипедная парковка № 37015 «Школа № 258»,2757947,cc573bf6-76b2-497b-ac45-e1b828acee3b,Северо-Восточный административный округ,район Отрадное,Департамент транспорта и развития дорожно-транспортной инфраструктуры города Москвы,"Северный бульвар, дом 4А",10,ГКУ Центр организации дорожного движения Правительства Москвы,[{'OperationOrganizationPhone': '(495) 361-78-07'}],37.609975,55.865559,"{'coordinates': [37.609975, 55.865559], 'type': 'Point'}","{'coordinates': [37.609975, 55.865559], 'type': 'Point'}"
47,624b10b94174701856b96e76,414,Велосипедная парковка № 37016 «Школа № 259»,2757948,2f72eeb2-7192-4fe3-abe5-44b8785e16cb,Северо-Восточный административный округ,район Марьина Роща,Департамент транспорта и развития дорожно-транспортной инфраструктуры города Москвы,"улица Двинцев, дом 10",10,ГКУ Центр организации дорожного движения Правительства Москвы,[{'OperationOrganizationPhone': '(495) 361-78-07'}],37.600278,55.795117,"{'coordinates': [37.600278, 55.795117], 'type': 'Point'}","{'coordinates': [37.600278, 55.795117], 'type': 'Point'}"
48,624b10b94174701856b96e7d,332,Велосипедная парковка № 37020 «Школа № 289»,2757957,5068424b-3680-43af-b569-efd15148428e,Северо-Восточный административный округ,район Южное Медведково,Департамент транспорта и развития дорожно-транспортной инфраструктуры города Москвы,"Ясный проезд, дом 10, корпус 3",10,ГКУ Центр организации дорожного движения Правительства Москвы,[{'OperationOrganizationPhone': '(495) 361-78-07'}],37.629370,55.876083,"{'coordinates': [37.62937, 55.876083], 'type': 'Point'}","{'coordinates': [37.62937, 55.876083], 'type': 'Point'}"
49,624b10b94174701856b96e7e,121,Велосипедная парковка № 37025 «Школа № 299»,2757958,dd4f7f93-573e-47be-9b38-24da1f6156a2,Северо-Восточный административный округ,Бабушкинский район,Департамент транспорта и развития дорожно-транспортной инфраструктуры города Москвы,"Ленская улица, дом 24",10,ГКУ Центр организации дорожного движения Правительства Москвы,[{'OperationOrganizationPhone': '(495) 361-78-07'}],37.660341,55.868190,"{'coordinates': [37.660341, 55.86819], 'type': 'Point'}","{'coordinates': [37.660341, 55.86819], 'type': 'Point'}"
50,624b10b94174701856b96e7f,113,Велосипедная парковка № 37027 «Школа № 302»,2757959,a029c4e9-8eb9-4370-b177-8c4b3f81d55d,Северо-Восточный административный округ,Алтуфьевский район,Департамент транспорта и развития дорожно-транспортной инфраструктуры города Москвы,"Инженерная улица, дом 16",10,ГКУ Центр организации дорожного движения Правительства Москвы,[{'OperationOrganizationPhone': '(495) 361-78-07'}],37.579893,55.880033,"{'coordinates': [37.579893, 55.880033], 'type': 'Point'}","{'coordinates': [37.579893, 55.880033], 'type': 'Point'}"
51,624b10b94174701856b96e80,119,Велосипедная парковка № 37028 «Школа № 304»,2757960,75f6d7fa-1664-4bff-8faf-59bed273ae85,Северо-Восточный административный округ,Останкинский район,Департамент транспорта и развития дорожно-транспортной инфраструктуры города Москвы,"улица Кондратюка, дом 5",10,ГКУ Центр организации дорожного движения Правительства Москвы,[{'OperationOrganizationPhone': '(495) 361-78-07'}],37.634014,55.818398,"{'coordinates': [37.634014, 55.818398], 'type': 'Point'}","{'coordinates': [37.634014, 55.818398], 'type': 'Point'}"
52,624b10b94174701856b96e81,112,Велосипедная парковка № 37029 «Школа № 305»,2757961,b57c22e6-d299-49ea-b850-c847fd08f9de,Северо-Восточный административный округ,Алтуфьевский район,Департамент транспорта и развития дорожно-транспортной инфраструктуры города Москвы,"Путевой проезд, дом 10А",10,ГКУ Центр организации дорожного движения Правительства Москвы,[{'OperationOrganizationPhone': '(495) 361-78-07'}],37.580132,55.875446,"{'coordinates': [37.580132, 55.875446], 'type': 'Point'}","{'coordinates': [37.580132, 55.875446], 'type': 'Point'}"
53,624b10b94174701856b96e82,101,Велосипедная парковка № 37034 «Школа № 308»,2757962,29370ccb-f222-4c06-8e43-4a96577bf09b,Северо-Восточный административный округ,Алексеевский район,Департамент транспорта и развития дорожно-транспортной инфраструктуры города Москвы,"Новоалексеевская улица, дом 6",10,ГКУ Центр организации дорожного движения Правительства Москвы,[{'OperationOrganizationPhone': '(495) 361-78-07'}],37.642371,55.807141,"{'coordinates': [37.642371, 55.807141], 'type': 'Point'}","{'coordinates': [37.642371, 55.807141], 'type': 'Point'}"
54,624b10b94174701856b96e89,428,Велосипедная парковка № 37050 «Школа № 752»,2757972,f643bf72-d2d8-4bab-a2c4-31194b7846f3,Северо-Восточный административный округ,Ярославский район,Департамент транспорта и развития дорожно-транспортной инфраструктуры города Москвы,"Ярославское шоссе, дом 8, корпус 7",10,ГКУ Центр организации дорожного движения Правительства Москвы,[{'OperationOrganizationPhone': '(495) 361-78-07'}],37.688456,55.851475,"{'coordinates': [37.688456, 55.851475], 'type': 'Point'}","{'coordinates': [37.688456, 55.851475], 'type': 'Point'}"
55,624b10b94174701856b96e8a,124,Велосипедная парковка № 37054 «Школа № 757»,2757973,681e0535-6e78-4e02-9e07-b4df87dc2053,Северо-Восточный административный округ,Бабушкинский район,Департамент транспорта и развития дорожно-транспортной инфраструктуры города Москвы,"улица Менжинского, дом 30",10,ГКУ Центр организации дорожного движения Правительства Москвы,[{'OperationOrganizationPhone': '(495) 361-78-07'}],37.670198,55.870579,"{'coordinates': [37.670198, 55.870579], 'type': 'Point'}","{'coordinates': [37.670198, 55.870579], 'type': 'Point'}"
56,624b10b94174701856b96e8b,90,Велосипедная парковка № 37059 «Школа № 763»,2757975,8b5ab58a-2126-4f33-9982-95b879d31146,Северо-Восточный административный округ,Лосиноостровский район,Департамент транспорта и развития дорожно-транспортной инфраструктуры города Москвы,"Стартовая улица, дом 27, корпус 3",10,ГКУ Центр организации дорожного движения Правительства Москвы,[{'OperationOrganizationPhone': '(495) 361-78-07'}],37.694898,55.884149,"{'coordinates': [37.694898, 55.884149], 'type': 'Point'}","{'coordinates': [37.694898, 55.884149], 'type': 'Point'}"
57,624b10b94174701856b96e91,425,Велосипедная парковка № 37063 «Школа № 954»,2757985,51be4266-7032-45a0-b5a7-64beb4ae405a,Северо-Восточный административный округ,район Бибирево,Департамент транспорта и развития дорожно-транспортной инфраструктуры города Москвы,"улица Корнейчука, дом 37А",10,ГКУ Центр организации дорожного движения Правительства Москвы,[{'OperationOrganizationPhone': '(495) 361-78-07'}],37.636029,55.895300,"{'coordinates': [37.636029, 55.8953], 'type': 'Point'}","{'coordinates': [37.636029, 55.8953], 'type': 'Point'}"
58,624b10b94174701856b96e92,427,Велосипедная парковка № 37064 «Школа № 956»,2757986,548e13d7-4df9-4966-b367-98b1e2f57894,Северо-Восточный административный округ,район Южное Медведково,Департамент транспорта и развития дорожно-транспортной инфраструктуры города Москвы,"Заповедная улица, дом 22",10,ГКУ Центр организации дорожного движения Правительства Москвы,[{'OperationOrganizationPhone': '(495) 361-78-07'}],37.642945,55.867514,"{'coordinates': [37.642945, 55.867514], 'type': 'Point'}","{'coordinates': [37.642945, 55.867514], 'type': 'Point'}"
59,624b10b94174701856b96e93,184,Велосипедная парковка № 37067 «Школа № 961»,2757987,dee54402-604e-4c05-a7e4-85bdcd972a23,Северо-Восточный административный округ,Алтуфьевский район,Департамент транспорта и развития дорожно-транспортной инфраструктуры города Москвы,"Бибиревская улица, дом 5",10,ГКУ Центр организации дорожного движения Правительства Москвы,[{'OperationOrganizationPhone': '(495) 361-78-07'}],37.593928,55.881088,"{'coordinates': [37.593928, 55.881088], 'type': 'Point'}","{'coordinates': [37.593928, 55.881088], 'type': 'Point'}"
60,624b10b94174701856b96e94,417,Велосипедная парковка № 37068 «Школа № 962»,2757988,0be03732-00f9-4be8-9fef-f5bce85fd972,Северо-Восточный административный округ,район Отрадное,Департамент транспорта и развития дорожно-транспортной инфраструктуры города Москвы,"улица Санникова, дом 3, корпус 3",10,ГКУ Центр организации дорожного движения Правительства Москвы,[{'OperationOrganizationPhone': '(495) 361-78-07'}],37.593089,55.859861,"{'coordinates': [37.593089, 55.859861], 'type': 'Point'}","{'coordinates': [37.593089, 55.859861], 'type': 'Point'}"
61,624b10b94174701856b96e95,416,Велосипедная парковка № 37069 «Школа № 1201»,2757989,1b4091d8-1889-411e-a61c-e597c68de250,Северо-Восточный административный округ,Алексеевский район,Департамент транспорта и развития дорожно-транспортной инфраструктуры города Москвы,"улица Павла Корчагина, дом 13, строение 1",10,ГКУ Центр организации дорожного движения Правительства Москвы,[{'OperationOrganizationPhone': '(495) 361-78-07'}],37.659550,55.818640,"{'coordinates': [37.65955, 55.81864], 'type': 'Point'}","{'coordinates': [37.65955, 55.81864], 'type': 'Point'}"
62,624b10b94174701856b96e96,422,Велосипедная парковка № 37041 «Школа здоровья № 606»,2757992,391c3b10-eb0d-4d09-9916-fd61b72f3d62,Северо-Восточный административный округ,район Отрадное,Департамент транспорта и развития дорожно-транспортной инфраструктуры города Москвы,"улица Бестужевых, дом 25Б",10,ГКУ Центр организации дорожного движения Правительства Москвы,[{'OperationOrganizationPhone': '(495) 361-78-07'}],37.613951,55.872285,"{'coordinates': [37.613951, 55.872285], 'type': 'Point'}","{'coordinates': [37.613951, 55.872285], 'type': 'Point'}"
63,624b10b94174701856b96e97,181,Велосипедная парковка № 37042 «Школа № 655»,2757993,5826db98-cef3-45a7-a590-c872030ed723,Северо-Восточный административный округ,район Лианозово,Департамент транспорта и развития дорожно-транспортной инфраструктуры города Москвы,"Новгородская улица, дом 12",10,ГКУ Центр организации дорожного движения Правительства Москвы,[{'OperationOrganizationPhone': '(495) 361-78-07'}],37.581550,55.895000,"{'coordinates': [37.58155, 55.895], 'type': 'Point'}","{'coordinates': [37.58155, 55.895], 'type': 'Point'}"
64,624b10b94174701856b96e98,118,Велосипедная парковка № 37043 «Школа здоровья № 709»,2757994,e836d90a-5d60-4996-9719-f43872c0d7c6,Северо-Восточный административный округ,район Северный,Департамент транспорта и развития дорожно-транспортной инфраструктуры города Москвы,"9-я Северная линия, дом 1, корпус 2",10,ГКУ Центр организации дорожного движения Правительства Москвы,[{'OperationOrganizationPhone': '(495) 361-78-07'}],37.556129,55.935553,"{'coordinates': [37.556129, 55.935553], 'type': 'Point'}","{'coordinates': [37.556129, 55.935553], 'type': 'Point'}"
65,624b10b94174701856b96ea1,329,Велосипедная парковка № 37001 «Школа № 240»,2758016,10582187-a885-4288-88ba-9cabf97c853d,Северо-Восточный административный округ,район Отрадное,Департамент транспорта и развития дорожно-транспортной инфраструктуры города Москвы,"улица Мусоргского, дом 11А",10,ГКУ Центр организации дорожного движения Правительства Москвы,[{'OperationOrganizationPhone': '(495) 361-78-07'}],37.622961,55.864549,"{'coordinates': [37.622961, 55.864549], 'type': 'Point'}","{'coordinates': [37.622961, 55.864549], 'type': 'Point'}"
66,624b10b94174701856b96ea2,186,Велосипедная парковка № 37012 «Школа № 255»,2758019,05946365-7803-4048-8802-56dfa418c814,Северо-Восточный административный округ,район Бибирево,Департамент транспорта и развития дорожно-транспортной инфраструктуры города Москвы,"Мурановская улица, дом 8Б",10,ГКУ Центр организации дорожного движения Правительства Москвы,[{'OperationOrganizationPhone': '(495) 361-78-07'}],37.603887,55.892807,"{'coordinates': [37.603887, 55.892807], 'type': 'Point'}","{'coordinates': [37.603887, 55.892807], 'type': 'Point'}"
67,624b10b94174701856b96ea3,185,Велосипедная парковка № 37011 «Школа № 254»,2758023,d17c0c4c-81bc-42ac-967a-f4eb4c3c301f,Северо-Восточный административный округ,район Бибирево,Департамент транспорта и развития дорожно-транспортной инфраструктуры города Москвы,"Мурановская улица, дом 13А",10,ГКУ Центр организации дорожного движения Правительства Москвы,[{'OperationOrganizationPhone': '(495) 361-78-07'}],37.598571,55.894245,"{'coordinates': [37.598571, 55.894245], 'type': 'Point'}","{'coordinates': [37.598571, 55.894245], 'type': 'Point'}"
68,624b10b94174701856b96ea4,420,Велосипедная парковка № 37073 «Школа № 1236»,2758024,4d4dd9e7-115d-4085-9ab6-8f2ea3151c7c,Северо-Восточный административный округ,Бутырский район,Департамент транспорта и развития дорожно-транспортной инфраструктуры города Москвы,"улица Яблочкова, дом 10",10,ГКУ Центр организации дорожного движения Правительства Москвы,[{'OperationOrganizationPhone': '(495) 361-78-07'}],37.582860,55.817584,"{'coordinates': [37.58286, 55.817584], 'type': 'Point'}","{'coordinates': [37.58286, 55.817584], 'type': 'Point'}"
69,624b10b94174701856b96ea5,335,Велосипедная парковка № 37077 «Школа № 1370»,2758025,89030186-6d5e-43de-9615-5d1f2657b248,Северо-Восточный административный округ,Алтуфьевский район,Департамент транспорта и развития дорожно-транспортной инфраструктуры города Москвы,"Костромская улица, дом 14Г, строение 1",10,ГКУ Центр организации дорожного движения Правительства Москвы,[{'OperationOrganizationPhone': '(495) 361-78-07'}],37.596338,55.884057,"{'coordinates': [37.596338, 55.884057], 'type': 'Point'}","{'coordinates': [37.596338, 55.884057], 'type': 'Point'}"
70,624b10b94174701856b96ea6,430,Велосипедная парковка № 37078 «Школа № 1374»,2758026,804d8cbe-90a7-449c-ac26-f7251465eff6,Северо-Восточный административный округ,Ярославский район,Департамент транспорта и развития дорожно-транспортной инфраструктуры города Москвы,"Федоскинская улица, дом 4",10,ГКУ Центр организации дорожного движения Правительства Москвы,[{'OperationOrganizationPhone': '(495) 361-78-07'}],37.704062,55.868595,"{'coordinates': [37.704062, 55.868595], 'type': 'Point'}","{'coordinates': [37.704062, 55.868595], 'type': 'Point'}"
71,624b10b94174701856b96ea7,115,Велосипедная парковка № 37079 «Школа № 1378»,2758027,18a0a099-bc26-4496-9e44-35e3c66c84d9,Северо-Восточный административный округ,район Северный,Департамент транспорта и развития дорожно-транспортной инфраструктуры города Москвы,"Челобитьевское шоссе, дом 2",10,ГКУ Центр организации дорожного движения Правительства Москвы,[{'OperationOrganizationPhone': '(495) 361-78-07'}],37.548556,55.915062,"{'coordinates': [37.548556, 55.915062], 'type': 'Point'}","{'coordinates': [37.548556, 55.915062], 'type': 'Point'}"
72,624b10b94174701856b96ea8,170,Велосипедная парковка № 37081 «Школа № 1381»,2758028,0905b89b-76fa-4a24-8afd-3f936b4fe239,Северо-Восточный административный округ,Лосиноостровский район,Департамент транспорта и развития дорожно-транспортной инфраструктуры города Москвы,"Янтарный проезд, дом 2",10,ГКУ Центр организации дорожного движения Правительства Москвы,[{'OperationOrganizationPhone': '(495) 361-78-07'}],37.691162,55.873159,"{'coordinates': [37.691162, 55.873159], 'type': 'Point'}","{'coordinates': [37.691162, 55.873159], 'type': 'Point'}"
73,624b10b94174701856b96ea9,424,Велосипедная парковка № 37082 «Школа № 1411»,2758029,1c0b367c-71bb-4c29-a539-0bd2797c81d3,Северо-Восточный административный округ,район Отрадное,Департамент транспорта и развития дорожно-транспортной инфраструктуры города Москвы,"Северный бульвар, дом 1А",10,ГКУ Центр организации дорожного движения Правительства Москвы,[{'OperationOrganizationPhone': '(495) 361-78-07'}],37.601213,55.866554,"{'coordinates': [37.601213, 55.866554], 'type': 'Point'}","{'coordinates': [37.601213, 55.866554], 'type': 'Point'}"
74,624b10b94174701856b96eaa,182,Велосипедная парковка № 37087 «Школа № 1416»,2758031,f1d5c0e0-c69f-4dd5-8b1a-58b64263ecb8,Северо-Восточный административный округ,район Лианозово,Департамент транспорта и развития дорожно-транспортной инфраструктуры города Москвы,"Новгородская улица, дом 8",10,ГКУ Центр организации дорожного движения Правительства Москвы,[{'OperationOrganizationPhone': '(495) 361-78-07'}],37.581654,55.893573,"{'coordinates': [37.581654, 55.893573], 'type': 'Point'}","{'coordinates': [37.581654, 55.893573], 'type': 'Point'}"
75,624b10b94174701856b96eab,114,Велосипедная парковка № 37090 «Школа № 2044»,2758032,4d1fcaab-7884-4693-ae97-31545bacbc39,Северо-Восточный административный округ,район Северный,Департамент транспорта и развития дорожно-транспортной инфраструктуры города Москвы,"Дмитровское шоссе, дом 165Е, корпус 8",10,ГКУ Центр организации дорожного движения Правительства Москвы,[{'OperationOrganizationPhone': '(495) 361-78-07'}],37.541750,55.926997,"{'coordinates': [37.54175, 55.926997], 'type': 'Point'}","{'coordinates': [37.54175, 55.926997], 'type': 'Point'}"
76,624b10b94174701856b96eac,172,Велосипедная парковка № 37092 «Школа надомного обучения № 388»,2758033,c0c9e70f-59ba-4444-967e-fe90e4446d8e,Северо-Восточный административный округ,район Бибирево,Департамент транспорта и развития дорожно-транспортной инфраструктуры города Москвы,"Шенкурский проезд, дом 9",10,ГКУ Центр организации дорожного движения Правительства Москвы,[{'OperationOrganizationPhone': '(495) 361-78-07'}],37.590443,55.893757,"{'coordinates': [37.590443, 55.893757], 'type': 'Point'}","{'coordinates': [37.590443, 55.893757], 'type': 'Point'}"
77,624b10b94174701856b96ead,105,Велосипедная парковка № 37099 «Центр образования № 951»,2758035,04c9fbc5-26e5-4a0c-804c-667314c7c04e,Северо-Восточный административный округ,район Северное Медведково,Департамент транспорта и развития дорожно-транспортной инфраструктуры города Москвы,"Осташковская улица, дом 30, корпус 2",10,ГКУ Центр организации дорожного движения Правительства Москвы,[{'OperationOrganizationPhone': '(495) 361-78-07'}],37.677292,55.891917,"{'coordinates': [37.677292, 55.891917], 'type': 'Point'}","{'coordinates': [37.677292, 55.891917], 'type': 'Point'}"
78,624b10b94174701856b96eae,175,Велосипедная парковка № 37100 «Центр образования № 953»,2758036,55e3ccf4-f707-41f8-a519-f25bbd982468,Северо-Восточный административный округ,район Бибирево,Департамент транспорта и развития дорожно-транспортной инфраструктуры города Москвы,"Шенкурский проезд, дом 15",10,ГКУ Центр организации дорожного движения Правительства Москвы,[{'OperationOrganizationPhone': '(495) 361-78-07'}],37.589248,55.896067,"{'coordinates': [37.589248, 55.896067], 'type': 'Point'}","{'coordinates': [37.589248, 55.896067], 'type': 'Point'}"
79,624b10b94174701856b96eaf,176,Велосипедная парковка № 37101 «Центр образования № 1430»,2758037,34bf7487-f619-470c-82e8-769a0adf173b,Северо-Восточный административный округ,район Лианозово,Департамент транспорта и развития дорожно-транспортной инфраструктуры города Москвы,"Новгородская улица, дом 21А",10,ГКУ Центр организации дорожного движения Правительства Москвы,[{'OperationOrganizationPhone': '(495) 361-78-07'}],37.577714,55.900665,"{'coordinates': [37.577714, 55.900665], 'type': 'Point'}","{'coordinates': [37.577714, 55.900665], 'type': 'Point'}"
80,624b10b94174701856b96eb0,122,Велосипедная парковка № 37105 «Центр образования № 1449»,2758039,25c64ea7-6994-4325-b66b-fe72b244300e,Северо-Восточный административный округ,район Лианозово,Департамент транспорта и развития дорожно-транспортной инфраструктуры города Москвы,"Угличская улица, дом 6А",10,ГКУ Центр организации дорожного движения Правительства Москвы,[{'OperationOrganizationPhone': '(495) 361-78-07'}],37.570001,55.894775,"{'coordinates': [37.570001, 55.894775], 'type': 'Point'}","{'coordinates': [37.570001, 55.894775], 'type': 'Point'}"
81,624b10b94174701856b96eb1,415,Велосипедная парковка № 37108 «Центр образования № 1464»,2758040,e50730bc-a42a-4488-9ad3-58a3e96354d4,Северо-Восточный административный округ,Алексеевский район,Департамент транспорта и развития дорожно-транспортной инфраструктуры города Москвы,"улица Павла Корчагина, дом 1А",10,ГКУ Центр организации дорожного движения Правительства Москвы,[{'OperationOrganizationPhone': '(495) 361-78-07'}],37.655906,55.812986,"{'coordinates': [37.655906, 55.812986], 'type': 'Point'}","{'coordinates': [37.655906, 55.812986], 'type': 'Point'}"
82,624b10b94174701856b96eb2,431,Велосипедная парковка № 37109 «Центр образования № 1470»,2758041,7d847e09-497d-4fba-8750-acb9cc8e7427,Северо-Восточный административный округ,Алексеевский район,Департамент транспорта и развития дорожно-транспортной инфраструктуры города Москвы,"Маломосковская улица, дом 7",10,ГКУ Центр организации дорожного движения Правительства Москвы,[{'OperationOrganizationPhone': '(495) 361-78-07'}],37.644956,55.813659,"{'coordinates': [37.644956, 55.813659], 'type': 'Point'}","{'coordinates': [37.644956, 55.813659], 'type': 'Point'}"
83,624b10b94174701856b96eb3,421,Велосипедная парковка № 37111 «Центр образования № 1486»,2758042,ab259c5c-e287-40f5-96f5-2c2f0e199e0b,Северо-Восточный административный округ,район Отрадное,Департамент транспорта и развития дорожно-транспортной инфраструктуры города Москвы,"Алтуфьевское шоссе, дом 12, корпус 1",10,ГКУ Центр организации дорожного движения Правительства Москвы,[{'OperationOrganizationPhone': '(495) 361-78-07'}],37.588455,55.855079,"{'coordinates': [37.588455, 55.855079], 'type': 'Point'}","{'coordinates': [37.588455, 55.855079], 'type': 'Point'}"
84,624b10b94174701856b96eb4,116,Велосипедная парковка № 37112 «Центр образования № 1490»,2758043,c08ed2a4-4b97-462e-9113-cfa6c1a1a59b,Северо-Восточный административный округ,район Лианозово,Департамент транспорта и развития дорожно-транспортной инфраструктуры города Москвы,"Псковская улица, дом 12, корпус 3",10,ГКУ Центр организации дорожного движения Правительства Москвы,[{'OperationOrganizationPhone': '(495) 361-78-07'}],37.554749,55.903455,"{'coordinates': [37.554749, 55.903455], 'type': 'Point'}","{'coordinates': [37.554749, 55.903455], 'type': 'Point'}"
85,624b10b94174701856b96eb5,58,Велосипедная парковка № 37113 «Центр образования № 1491»,2758044,7d59bead-ffda-49da-ac13-22b63e61a103,Северо-Восточный административный округ,район Отрадное,Департамент транспорта и развития дорожно-транспортной инфраструктуры города Москвы,"Каргопольская улица, дом 13, корпус 2",10,ГКУ Центр организации дорожного движения Правительства Москвы,[{'OperationOrganizationPhone': '(495) 361-78-07'}],37.590265,55.864847,"{'coordinates': [37.590265, 55.864847], 'type': 'Point'}","{'coordinates': [37.590265, 55.864847], 'type': 'Point'}"
86,624b10b94174701856b96eb6,104,Велосипедная парковка № 37119 «Школа здоровья № 287»,2758045,d36bdb75-1f4f-49e5-a5fc-c201a6ea088d,Северо-Восточный административный округ,Останкинский район,Департамент транспорта и развития дорожно-транспортной инфраструктуры города Москвы,"улица Годовикова, дом 16А",10,ГКУ Центр организации дорожного движения Правительства Москвы,[{'OperationOrganizationPhone': '(495) 361-78-07'}],37.632132,55.808702,"{'coordinates': [37.632132, 55.808702], 'type': 'Point'}","{'coordinates': [37.632132, 55.808702], 'type': 'Point'}"
87,624b10b94174701856b96eb7,331,Велосипедная парковка № 37121 «Школа здоровья № 1099»,2758046,45ddeae5-8416-4416-9f45-1211d2ee3343,Северо-Восточный административный округ,Ярославский район,Департамент транспорта и развития дорожно-транспортной инфраструктуры города Москвы,"улица Ротерта, дом 5",10,ГКУ Центр организации дорожного движения Правительства Москвы,[{'OperationOrganizationPhone': '(495) 361-78-07'}],37.723635,55.874079,"{'coordinates': [37.723635, 55.874079], 'type': 'Point'}","{'coordinates': [37.723635, 55.874079], 'type': 'Point'}"
88,624b10b94174701856b96eb8,409,Велосипедная парковка № 37125 «Гимназия № 1518» (1),2758047,693607a1-f9cb-4af4-bc24-eb66ecb492d1,Северо-Восточный административный округ,Останкинский район,Департамент транспорта и развития дорожно-транспортной инфраструктуры города Москвы,"проспект Мира, дом 87",10,ГКУ Центр организации дорожного движения Правительства Москвы,[{'OperationOrganizationPhone': '(495) 361-78-07'}],37.634567,55.803641,"{'coordinates': [37.634567, 55.803641], 'type': 'Point'}","{'coordinates': [37.634567, 55.803641], 'type': 'Point'}"
89,624b10b94174701856b96ec1,110,Велосипедная парковка № 37129 «Гимназия № 1531 Лингвистическая»,2758061,73066db2-6f88-4137-bf4c-9462d71bed9d,Северо-Восточный административный округ,Останкинский район,Департамент транспорта и развития дорожно-транспортной инфраструктуры города Москвы,"улица Годовикова, дом 4, строение 3",10,ГКУ Центр организации дорожного движения Правительства Москвы,[{'OperationOrganizationPhone': '(495) 361-78-07'}],37.633056,55.803541,"{'coordinates': [37.633056, 55.803541], 'type': 'Point'}","{'coordinates': [37.633056, 55.803541], 'type': 'Point'}"
90,624b10b94174701856b96ec2,411,Велосипедная парковка № 37131 «Гимназия № 1539»,2758063,1b4b4874-9d05-4fc2-b38b-dd7bd34e8a0f,Северо-Восточный административный округ,Алексеевский район,Департамент транспорта и развития дорожно-транспортной инфраструктуры города Москвы,"Староалексеевская улица, дом 1",10,ГКУ Центр организации дорожного движения Правительства Москвы,[{'OperationOrganizationPhone': '(495) 361-78-07'}],37.642158,55.810235,"{'coordinates': [37.642158, 55.810235], 'type': 'Point'}","{'coordinates': [37.642158, 55.810235], 'type': 'Point'}"
91,624b10b94174701856b96ec3,419,Велосипедная парковка № 37132 «Гимназия № 1554»,2758064,db4f6670-dd45-4caf-8e3f-d1c503d42068,Северо-Восточный административный округ,район Отрадное,Департамент транспорта и развития дорожно-транспортной инфраструктуры города Москвы,"улица Пестеля, дом 9А",10,ГКУ Центр организации дорожного движения Правительства Москвы,[{'OperationOrganizationPhone': '(495) 361-78-07'}],37.611783,55.865777,"{'coordinates': [37.611783, 55.865777], 'type': 'Point'}","{'coordinates': [37.611783, 55.865777], 'type': 'Point'}"
92,624b10b94174701856b96ec4,120,Велосипедная парковка № 37139 «Гимназия № 1573»,2758065,bc47b7ad-fd1f-492c-9bef-51ce2deaaebf,Северо-Восточный административный округ,район Лианозово,Департамент транспорта и развития дорожно-транспортной инфраструктуры города Москвы,"Псковская улица, дом 11",10,ГКУ Центр организации дорожного движения Правительства Москвы,[{'OperationOrganizationPhone': '(495) 361-78-07'}],37.553273,55.906734,"{'coordinates': [37.553273, 55.906734], 'type': 'Point'}","{'coordinates': [37.553273, 55.906734], 'type': 'Point'}"
93,624b10b94174701856b96ee2,179,Велосипедная парковка № 37145 «Прогимназия № 1819»,2758113,2a3a4077-a99b-4855-98c5-b9d8f811cd47,Северо-Восточный административный округ,район Лианозово,Департамент транспорта и развития дорожно-транспортной инфраструктуры города Москвы,"Абрамцевская улица, дом 24, корпус 2",10,ГКУ Центр организации дорожного движения Правительства Москвы,[{'OperationOrganizationPhone': '(495) 361-78-07'}],37.576229,55.904487,"{'coordinates': [37.576229, 55.904487], 'type': 'Point'}","{'coordinates': [37.576229, 55.904487], 'type': 'Point'}"
94,624b10b94174701856b96ee3,336,Велосипедная парковка № 37152 «Специальная начальная школа - детский сад № 1822»,2758115,e28137b5-226a-449c-9e71-100d1516082e,Северо-Восточный административный округ,Бабушкинский район,Департамент транспорта и развития дорожно-транспортной инфраструктуры города Москвы,"Енисейская улица, дом 31",10,ГКУ Центр организации дорожного движения Правительства Москвы,[{'OperationOrganizationPhone': '(495) 361-78-07'}],37.663269,55.873534,"{'coordinates': [37.663269, 55.873534], 'type': 'Point'}","{'coordinates': [37.663269, 55.873534], 'type': 'Point'}"
95,624b10b94174701856b96ee7,161,Велосипедная парковка № 37156 «Школа - интернат № 33»,2758124,8f47cf33-eeb9-412c-af48-07c8ef2a2e8a,Северо-Восточный административный округ,район Отрадное,Департамент транспорта и развития дорожно-транспортной инфраструктуры города Москвы,"Берёзовая аллея, дом 15Б",10,ГКУ Центр организации дорожного движения Правительства Москвы,[{'OperationOrganizationPhone': '(495) 361-78-07'}],37.615695,55.851052,"{'coordinates': [37.615695, 55.851052], 'type': 'Point'}","{'coordinates': [37.615695, 55.851052], 'type': 'Point'}"
96,624b10b94174701856b96ef1,489,Велосипедная парковка № 17002 «метро Алтуфьево» (4),2758184,d990607d-e857-425a-8d2f-231b584396f3,Северо-Восточный административный округ,район Бибирево,Департамент транспорта и развития дорожно-транспортной инфраструктуры города Москвы,"Алтуфьевское шоссе, владение 86а",10,ГКУ Центр организации дорожного движения Правительства Москвы,[{'OperationOrganizationPhone': '(495) 361-78-07'}],37.587974,55.897695,"{'coordinates': [37.587974, 55.897695], 'type': 'Point'}","{'coordinates': [37.587974, 55.897695], 'type': 'Point'}"
97,624b10b94174701856b96ef3,500,Велосипедная парковка № 17003 «метро Бабушкинская» (2),2758195,c59b754b-ed50-4dcc-a839-455798395819,Северо-Восточный административный округ,Бабушкинский район,Департамент транспорта и развития дорожно-транспортной инфраструктуры города Москвы,"Енисейская улица, дом 19, строение 2",10,ГКУ Центр организации дорожного движения Правительства Москвы,[{'OperationOrganizationPhone': '(495) 361-78-07'}],37.665272,55.870119,"{'coordinates': [37.665272, 55.870119], 'type': 'Point'}","{'coordinates': [37.665272, 55.870119], 'type': 'Point'}"
98,624b10b94174701856b96ef4,501,Велосипедная парковка № 17003 «метро Бабушкинская» (3),2758196,fbcb057d-bebc-4ca5-b8a5-1f5e1c80f2e7,Северо-Восточный административный округ,Бабушкинский район,Департамент транспорта и развития дорожно-транспортной инфраструктуры города Москвы,"Енисейская улица, дом 19, строение 2",10,ГКУ Центр организации дорожного движения Правительства Москвы,[{'OperationOrganizationPhone': '(495) 361-78-07'}],37.664688,55.870462,"{'coordinates': [37.664688, 55.870462], 'type': 'Point'}","{'coordinates': [37.664688, 55.870462], 'type': 'Point'}"
99,624b10b94174701856b96ef7,544,Велосипедная парковка № 17013 «платформа Лианозово»,2758239,b92e1792-420b-4fbe-9086-4437efd68b93,Северо-Восточный административный округ,район Лианозово,Департамент транспорта и развития дорожно-транспортной инфраструктуры города Москвы,"Лианозовский проезд, владение 1г",10,ГКУ Центр организации дорожного движения Правительства Москвы,[{'OperationOrganizationPhone': '(495) 361-78-07'}],37.554048,55.897176,"{'coordinates': [37.554048, 55.897176], 'type': 'Point'}","{'coordinates': [37.554048, 55.897176], 'type': 'Point'}"
100,624b10b94174701856b96efd,633,Велосипедная парковка № 17008 «метро Дмитровская» (1),2758328,53720b9f-9faa-48f2-82f7-6eeeaab512ba,Северо-Восточный административный округ,Бутырский район,Департамент транспорта и развития дорожно-транспортной инфраструктуры города Москвы,"Бутырская улица, дом 97",10,ГКУ Центр организации дорожного движения Правительства Москвы,[{'OperationOrganizationPhone': '(495) 361-78-07'}],37.579443,55.808215,"{'coordinates': [37.579443, 55.808215], 'type': 'Point'}","{'coordinates': [37.579443, 55.808215], 'type': 'Point'}"
101,624b10b94174701856b96f0d,882,Велосипедная парковка № 27003 «Центральная городская деловая библиотека»,14020712,1427867f-dfc9-40e3-a939-43ec82f23b5b,Северо-Восточный административный округ,Алексеевский район,Департамент транспорта и развития дорожно-транспортной инфраструктуры города Москвы,"улица Бориса Галушкина, 19 корпус 1",10,ГКУ Центр организации дорожного движения Правительства Москвы,[{'OperationOrganizationPhone': '(495) 361-78-07'}],37.661400,55.822488,"{'coordinates': [37.6614, 55.822488], 'type': 'Point'}","{'coordinates': [37.6614, 55.822488], 'type': 'Point'}"
102,624b10b94174701856b96f0e,884,Велосипедная парковка № 27005 «Детская библиотека № 50 ЦБС № 2»,14020714,3c6f13bc-8e49-4355-aafd-f420d88edf29,Северо-Восточный административный округ,район Ростокино,Департамент транспорта и развития дорожно-транспортной инфраструктуры города Москвы,"Проспект Мира, 198 корпус 2",10,ГКУ Центр организации дорожного движения Правительства Москвы,[{'OperationOrganizationPhone': '(495) 361-78-07'}],37.662116,55.837273,"{'coordinates': [37.662116, 55.837273], 'type': 'Point'}","{'coordinates': [37.662116, 55.837273], 'type': 'Point'}"
103,624b10b94174701856b96f27,967,Велосипедная парковка № 37052 «Школа № 755 »,14020797,46a3ac9d-c44e-4e37-8bb4-c843854df0ec,Северо-Восточный административный округ,район Бибирево,Департамент транспорта и развития дорожно-транспортной инфраструктуры города Москвы,"улица Плещеева, 26 А",10,ГКУ Центр организации дорожного движения Правительства Москвы,[{'OperationOrganizationPhone': '(495) 361-78-07'}],37.619715,55.888652,"{'coordinates': [37.619715, 55.888652], 'type': 'Point'}","{'coordinates': [37.619715, 55.888652], 'type': 'Point'}"
104,624b10b94174701856b96f28,968,Велосипедная парковка № 37075 «Школа № 1316 »,14020798,f32ee0ff-b0d7-4619-bab6-6781f9d65e94,Северо-Восточный административный округ,район Северное Медведково,Департамент транспорта и развития дорожно-транспортной инфраструктуры города Москвы,"улица Молодцова, 4, строение 1",10,ГКУ Центр организации дорожного движения Правительства Москвы,[{'OperationOrganizationPhone': '(495) 361-78-07'}],37.642443,55.880753,"{'coordinates': [37.642443, 55.880753], 'type': 'Point'}","{'coordinates': [37.642443, 55.880753], 'type': 'Point'}"
105,624b10b94174701856b96f29,969,Велосипедная парковка № 37076 «Школа № 1316 »,14020799,ffdc66e8-7b0a-4c3b-bbcd-10d7bc6b5f56,Северо-Восточный административный округ,район Северное Медведково,Департамент транспорта и развития дорожно-транспортной инфраструктуры города Москвы,"улица Молодцова, 4, строение 1",10,ГКУ Центр организации дорожного движения Правительства Москвы,[{'OperationOrganizationPhone': '(495) 361-78-07'}],37.642443,55.880753,"{'coordinates': [37.642443, 55.880753], 'type': 'Point'}","{'coordinates': [37.642443, 55.880753], 'type': 'Point'}"
106,624b10b94174701856b96f2a,970,Велосипедная парковка № 37083 «Школа № 1412 »,14020800,0fea754f-e984-478a-92d1-d2c2b3ec5cf1,Северо-Восточный административный округ,район Бибирево,Департамент транспорта и развития дорожно-транспортной инфраструктуры города Москвы,"улица Мурановская, 4А",10,ГКУ Центр организации дорожного движения Правительства Москвы,[{'OperationOrganizationPhone': '(495) 361-78-07'}],37.601647,55.891553,"{'coordinates': [37.601647, 55.891553], 'type': 'Point'}","{'coordinates': [37.601647, 55.891553], 'type': 'Point'}"
107,624b10b94174701856b96f2b,972,Велосипедная парковка № 37103 «Центр образования № 1444 »,14020802,cbcce76d-0091-4498-a39a-00de502e7de0,Северо-Восточный административный округ,Лосиноостровский район,Департамент транспорта и развития дорожно-транспортной инфраструктуры города Москвы,"Анадырский проезд, 51",10,ГКУ Центр организации дорожного движения Правительства Москвы,[{'OperationOrganizationPhone': '(495) 361-78-07'}],37.704644,55.879587,"{'coordinates': [37.704644, 55.879587], 'type': 'Point'}","{'coordinates': [37.704644, 55.879587], 'type': 'Point'}"
108,624b10b94174701856b96f4b,787,Велосипедная парковка № 37038 «Школа № 352» (2),14044262,e9524418-248f-4de8-a1fa-c69eb191fa74,Северо-Восточный административный округ,район Ростокино,Департамент транспорта и развития дорожно-транспортной инфраструктуры города Москвы,"Малахитовая улица, дом 15",10,ГКУ Центр организации дорожного движения Правительства Москвы,[{'OperationOrganizationPhone': '(495) 361-78-07'}],37.664228,55.831717,"{'coordinates': [37.664228, 55.831717], 'type': 'Point'}","{'coordinates': [37.664228, 55.831717], 'type': 'Point'}"
109,624b10b94174701856b96f4c,1036,Велосипедная парковка № 16008 «платформа Маленковская» (2),14044280,603d9266-7ee9-493d-9514-324756264aa1,Северо-Восточный административный округ,Алексеевский район,Департамент транспорта и развития дорожно-транспортной инфраструктуры города Москвы,«платформа Маленковская»,10,ГКУ Центр организации дорожного движения Правительства Москвы,[{'OperationOrganizationPhone': '(495) 361-78-07'}],37.662132,55.815041,"{'coordinates': [37.662132, 55.815041], 'type': 'Point'}","{'coordinates': [37.662132, 55.815041], 'type': 'Point'}"
110,624b10b94174701856b96f4d,1048,Велосипедная парковка № 37047 «Школа № 751» (2),14044283,7918e805-9016-43ef-a6bf-490604f9f756,Северо-Восточный административный округ,Лосиноостровский район,Департамент транспорта и развития дорожно-транспортной инфраструктуры города Москвы,"Таймырская улица, дом 5, строение 2",10,ГКУ Центр организации дорожного движения Правительства Москвы,[{'OperationOrganizationPhone': '(495) 361-78-07'}],37.697449,55.884386,"{'coordinates': [37.697449, 55.884386], 'type': 'Point'}","{'coordinates': [37.697449, 55.884386], 'type': 'Point'}"
111,624b10b94174701856b96f77,1157,Велосипедная парковка № 080146211203,19645671,23886d8e-9933-4d7f-b860-269d7cfd8239,Северо-Восточный административный округ,район Бибирево,Департамент транспорта и развития дорожно-транспортной инфраструктуры города Москвы,"Корнейчука улица, дом 44",8,ГКУ Центр организации дорожного движения Правительства Москвы,[{'OperationOrganizationPhone': '(495) 361-78-67'}],37.632472,55.897068,"{'coordinates': [37.632472, 55.897068], 'type': 'Point'}","{'coordinates': [37.632472, 55.897068], 'type': 'Point'}"
112,624b10b94174701856b96f78,1161,Велосипедная парковка № 080146213556,19645675,baccbe7e-a737-4caf-9812-43659993c573,Северо-Восточный административный округ,район Северное Медведково,Департамент транспорта и развития дорожно-транспортной инфраструктуры города Москвы,"Широкая улица, дом 1, корпус1",8,ГКУ Центр организации дорожного движения Правительства Москвы,[{'OperationOrganizationPhone': '(495) 361-78-71'}],37.651473,55.888083,"{'coordinates': [37.651473, 55.888083], 'type': 'Point'}","{'coordinates': [37.651473, 55.888083], 'type': 'Point'}"
113,624b10b94174701856b96f79,1162,Велосипедная парковка № 080146113556,19645676,e6157158-0978-4be5-95d3-ac5aaf7a572d,Северо-Восточный административный округ,район Северное Медведково,Департамент транспорта и развития дорожно-транспортной инфраструктуры города Москвы,"Широкая улица, дом 17, корпус 1",8,ГКУ Центр организации дорожного движения Правительства Москвы,[{'OperationOrganizationPhone': '(495) 361-78-72'}],37.669430,55.887793,"{'coordinates': [37.66943, 55.887793], 'type': 'Point'}","{'coordinates': [37.66943, 55.887793], 'type': 'Point'}"
114,624b10b94174701856b96f7a,1163,Велосипедная парковка № 080146113643,19645677,8f15f727-ebfd-446a-a14b-d6ea5c4df0ee,Северо-Восточный административный округ,Бутырский район,Департамент транспорта и развития дорожно-транспортной инфраструктуры города Москвы,"Яблочкова улица, дом 41",8,ГКУ Центр организации дорожного движения Правительства Москвы,[{'OperationOrganizationPhone': '(495) 361-78-73'}],37.578802,55.828323,"{'coordinates': [37.578802, 55.828323], 'type': 'Point'}","{'coordinates': [37.578802, 55.828323], 'type': 'Point'}"
115,624b10b94174701856b96f7b,1164,Велосипедная парковка № 080146210052,19645678,c755b1ee-7e28-4b2f-811b-7a0fec665707,Северо-Восточный административный округ,район Лианозово,Департамент транспорта и развития дорожно-транспортной инфраструктуры города Москвы,"Алтуфьевское шоссе, дом 95",8,ГКУ Центр организации дорожного движения Правительства Москвы,[{'OperationOrganizationPhone': '(495) 361-78-74'}],37.585873,55.901938,"{'coordinates': [37.585873, 55.901938], 'type': 'Point'}","{'coordinates': [37.585873, 55.901938], 'type': 'Point'}"
116,624b10b94174701856b96f7c,1165,Велосипедная парковка № 080146112513,19645679,e1027278-2d44-467d-acd2-e70f013f3264,Северо-Восточный административный округ,район Отрадное,Департамент транспорта и развития дорожно-транспортной инфраструктуры города Москвы,"Санникова улица, дом 17, строение 2",8,ГКУ Центр организации дорожного движения Правительства Москвы,[{'OperationOrganizationPhone': '(495) 361-78-75'}],37.599245,55.862865,"{'coordinates': [37.599245, 55.862865], 'type': 'Point'}","{'coordinates': [37.599245, 55.862865], 'type': 'Point'}"
117,624b10b94174701856b96f7d,1167,Велосипедная парковка № 080146112396,19645681,1b7832c8-3195-4526-b3ca-711faf9e3183,Северо-Восточный административный округ,район Отрадное,Департамент транспорта и развития дорожно-транспортной инфраструктуры города Москвы,"Римского-Корсакова улица, дом 16",8,ГКУ Центр организации дорожного движения Правительства Москвы,[{'OperationOrganizationPhone': '(495) 361-78-77'}],37.606557,55.873707,"{'coordinates': [37.606557, 55.873707], 'type': 'Point'}","{'coordinates': [37.606557, 55.873707], 'type': 'Point'}"
118,624b10b94174701856b96f7e,1168,Велосипедная парковка № 080146111203,19645682,1a6d4563-6ebb-4ce2-934f-71e55f24d52b,Северо-Восточный административный округ,район Бибирево,Департамент транспорта и развития дорожно-транспортной инфраструктуры города Москвы,"Корнейчука улица, дом 59",8,ГКУ Центр организации дорожного движения Правительства Москвы,[{'OperationOrganizationPhone': '(495) 361-78-78'}],37.624578,55.891555,"{'coordinates': [37.624578, 55.891555], 'type': 'Point'}","{'coordinates': [37.624578, 55.891555], 'type': 'Point'}"
119,624b10b94174701856b96f82,1177,Велосипедная парковка № 080146210120,19645691,4caf3987-9030-4862-9dff-78899ed1599e,Северо-Восточный административный округ,Бабушкинский район,Департамент транспорта и развития дорожно-транспортной инфраструктуры города Москвы,"Летчика Бабушкина улица, дом 1, корпус 1",8,ГКУ Центр организации дорожного движения Правительства Москвы,[{'OperationOrganizationPhone': '(495) 361-78-87'}],37.670563,55.856195,"{'coordinates': [37.670563, 55.856195], 'type': 'Point'}","{'coordinates': [37.670563, 55.856195], 'type': 'Point'}"
120,624b10b94174701856b96f83,1178,Велосипедная парковка № 080146110024,19645692,7ba4d3aa-e818-4d6d-a63d-8a014dc6210a,Северо-Восточный административный округ,район Лианозово,Департамент транспорта и развития дорожно-транспортной инфраструктуры города Москвы,"Абрамцевская улица, дом 3",8,ГКУ Центр организации дорожного движения Правительства Москвы,[{'OperationOrganizationPhone': '(495) 361-78-88'}],37.573752,55.895770,"{'coordinates': [37.573752, 55.89577], 'type': 'Point'}","{'coordinates': [37.573752, 55.89577], 'type': 'Point'}"
121,624b10b94174701856b96f84,1180,Велосипедная парковка № 080146111051,19645694,e46d9e96-a2d5-4548-8234-0d707e4e5553,Северо-Восточный административный округ,район Отрадное,Департамент транспорта и развития дорожно-транспортной инфраструктуры города Москвы,"Каргопольская улица, дом 9",8,ГКУ Центр организации дорожного движения Правительства Москвы,[{'OperationOrganizationPhone': '(495) 361-78-90'}],37.589783,55.862267,"{'coordinates': [37.589783, 55.862267], 'type': 'Point'}","{'coordinates': [37.589783, 55.862267], 'type': 'Point'}"
122,624b10b94174701856b96f85,1181,Велосипедная парковка № 080146110126,19645695,86aac213-a9fb-4f76-abb3-5cbaa91585cf,Северо-Восточный административный округ,район Ростокино,Департамент транспорта и развития дорожно-транспортной инфраструктуры города Москвы,"Бажова улица, дом 6",8,ГКУ Центр организации дорожного движения Правительства Москвы,[{'OperationOrganizationPhone': '(495) 361-78-91'}],37.660217,55.831618,"{'coordinates': [37.660217, 55.831618], 'type': 'Point'}","{'coordinates': [37.660217, 55.831618], 'type': 'Point'}"
123,624b10b94174701856b96f86,1183,Велосипедная парковка № 080146312911,19645697,c99bcc08-8718-4028-9271-34193018d016,Северо-Восточный административный округ,район Северное Медведково,Департамент транспорта и развития дорожно-транспортной инфраструктуры города Москвы,"Тихомирова улица, дом 12, корпус 1",8,ГКУ Центр организации дорожного движения Правительства Москвы,[{'OperationOrganizationPhone': '(495) 361-78-93'}],37.654913,55.885103,"{'coordinates': [37.654913, 55.885103], 'type': 'Point'}","{'coordinates': [37.654913, 55.885103], 'type': 'Point'}"
124,624b10b94174701856b96f87,1184,Велосипедная парковка № 080146113471,19645698,04a86f7e-4a59-4a57-964f-8b78f14e8f2b,Северо-Восточный административный округ,район Северный,Департамент транспорта и развития дорожно-транспортной инфраструктуры города Москвы,"Челобитьевское шоссе, дом 12, корпус 1, 6",8,ГКУ Центр организации дорожного движения Правительства Москвы,[{'OperationOrganizationPhone': '(495) 361-78-94'}],37.547713,55.912840,"{'coordinates': [37.547713, 55.91284], 'type': 'Point'}","{'coordinates': [37.547713, 55.91284], 'type': 'Point'}"
125,624b10b94174701856b96f88,1185,Велосипедная парковка № 080146212165,19645699,25a50378-1f22-495e-ba33-d9e4962db3d5,Северо-Восточный административный округ,район Южное Медведково,Департамент транспорта и развития дорожно-транспортной инфраструктуры города Москвы,"Полярная улица, дом 2",8,ГКУ Центр организации дорожного движения Правительства Москвы,[{'OperationOrganizationPhone': '(495) 361-78-95'}],37.638835,55.871795,"{'coordinates': [37.638835, 55.871795], 'type': 'Point'}","{'coordinates': [37.638835, 55.871795], 'type': 'Point'}"
126,624b10b94174701856b96f95,1203,Велосипедная парковка № 080146510052,19645925,90deabb4-c516-4b03-8690-ee6018aa319e,Северо-Восточный административный округ,район Отрадное,Департамент транспорта и развития дорожно-транспортной инфраструктуры города Москвы,"Алтуфьевское шоссе, дом 14",8,ГКУ Центр организации дорожного движения Правительства Москвы,[{'OperationOrganizationPhone': '(495) 361-78-07'}],37.585422,55.855805,"{'coordinates': [37.585422, 55.855805], 'type': 'Point'}","{'coordinates': [37.585422, 55.855805], 'type': 'Point'}"
127,624b10b94174701856b96f96,1204,Велосипедная парковка № 080146110093,19645926,fb8e5d1a-fddf-4f6d-91dc-5fa56384810c,Северо-Восточный административный округ,Останкинский район,Департамент транспорта и развития дорожно-транспортной инфраструктуры города Москвы,"Аргуновская улица , дом 4",8,ГКУ Центр организации дорожного движения Правительства Москвы,[{'OperationOrganizationPhone': '(495) 361-78-07'}],37.620203,55.813790,"{'coordinates': [37.620203, 55.81379], 'type': 'Point'}","{'coordinates': [37.620203, 55.81379], 'type': 'Point'}"
128,624b10b94174701856b96f97,1205,Велосипедная парковка № 080146110197,19645927,726cac84-ae66-42a3-82d1-4fa47a1f7e41,Северо-Восточный административный округ,район Отрадное,Департамент транспорта и развития дорожно-транспортной инфраструктуры города Москвы,"Березовая аллея, дом9, строение 2",8,ГКУ Центр организации дорожного движения Правительства Москвы,[{'OperationOrganizationPhone': '(495) 361-78-07'}],37.612717,55.851685,"{'coordinates': [37.612717, 55.851685], 'type': 'Point'}","{'coordinates': [37.612717, 55.851685], 'type': 'Point'}"
129,624b10b94174701856b96f98,1206,Велосипедная парковка № 080146110498,19645928,679a9d18-b2fa-4d79-82e2-fbcd0e400ec5,Северо-Восточный административный округ,Алексеевский район,Департамент транспорта и развития дорожно-транспортной инфраструктуры города Москвы,"Бориса Галушкина улица, дом 17",8,ГКУ Центр организации дорожного движения Правительства Москвы,[{'OperationOrganizationPhone': '(495) 361-78-07'}],37.658938,55.824398,"{'coordinates': [37.658938, 55.824398], 'type': 'Point'}","{'coordinates': [37.658938, 55.824398], 'type': 'Point'}"
130,624b10b94174701856b96f99,1209,Велосипедная парковка № 080146111692,19645931,c238a824-6427-4759-8170-b736ea794ce2,Северо-Восточный административный округ,Алексеевский район,Департамент транспорта и развития дорожно-транспортной инфраструктуры города Москвы,"Мира проспект, дом 182",8,ГКУ Центр организации дорожного движения Правительства Москвы,[{'OperationOrganizationPhone': '(495) 361-78-07'}],37.646157,55.825168,"{'coordinates': [37.646157, 55.825168], 'type': 'Point'}","{'coordinates': [37.646157, 55.825168], 'type': 'Point'}"
131,624b10b94174701856b96f9a,1210,Велосипедная парковка № 080146312165,19645932,d4bfe3ff-67df-4054-83f6-3b47df570b36,Северо-Восточный административный округ,район Южное Медведково,Департамент транспорта и развития дорожно-транспортной инфраструктуры города Москвы,"Полярная улица, дом 16, корпус 1",8,ГКУ Центр организации дорожного движения Правительства Москвы,[{'OperationOrganizationPhone': '(495) 361-78-07'}],37.637323,55.876128,"{'coordinates': [37.637323, 55.876128], 'type': 'Point'}","{'coordinates': [37.637323, 55.876128], 'type': 'Point'}"
132,624b10b94174701856b96f9b,1211,Велосипедная парковка № 080146112847,19645933,24d6fb75-8536-4d08-bdf3-4f795123f669,Северо-Восточный административный округ,Лосиноостровский район,Департамент транспорта и развития дорожно-транспортной инфраструктуры города Москвы,"Тайнинская улица, дом 24",8,ГКУ Центр организации дорожного движения Правительства Москвы,[{'OperationOrganizationPhone': '(495) 361-78-07'}],37.686742,55.883917,"{'coordinates': [37.686742, 55.883917], 'type': 'Point'}","{'coordinates': [37.686742, 55.883917], 'type': 'Point'}"
133,624b10b94174701856b96f9c,1212,Велосипедная парковка № 080146313663,19645934,aeaf7352-f49e-45c6-9a2e-f5f2ddb64a12,Северо-Восточный административный округ,Ярославский район,Департамент транспорта и развития дорожно-транспортной инфраструктуры города Москвы,"Ярославское шоссе, дом 55",8,ГКУ Центр организации дорожного движения Правительства Москвы,[{'OperationOrganizationPhone': '(495) 361-78-07'}],37.691435,55.861528,"{'coordinates': [37.691435, 55.861528], 'type': 'Point'}","{'coordinates': [37.691435, 55.861528], 'type': 'Point'}"
134,624b10b94174701856b96f9d,1214,Велосипедная парковка № 080146110120,19645936,71a441a6-9343-402e-8d27-a01899f3f958,Северо-Восточный административный округ,Бабушкинский район,Департамент транспорта и развития дорожно-транспортной инфраструктуры города Москвы,"Летчика Бабушкина улица, дом 15",8,ГКУ Центр организации дорожного движения Правительства Москвы,[{'OperationOrganizationPhone': '(495) 361-78-07'}],37.674462,55.863610,"{'coordinates': [37.674462, 55.86361], 'type': 'Point'}","{'coordinates': [37.674462, 55.86361], 'type': 'Point'}"
135,624b10b94174701856b96f9e,1215,Велосипедная парковка № 080146112076,19645937,40046a17-55b7-486e-bf1b-60d591dbbda2,Северо-Восточный административный округ,Бабушкинский район,Департамент транспорта и развития дорожно-транспортной инфраструктуры города Москвы,"Печорская улица, дом 3",8,ГКУ Центр организации дорожного движения Правительства Москвы,[{'OperationOrganizationPhone': '(495) 361-78-07'}],37.669870,55.862832,"{'coordinates': [37.66987, 55.862832], 'type': 'Point'}","{'coordinates': [37.66987, 55.862832], 'type': 'Point'}"
136,624b10b94174701856b96f9f,1216,Велосипедная парковка № 080146111650,19645938,86c62de7-a015-4c1c-8cb1-642da1f3a7e4,Северо-Восточный административный округ,Бабушкинский район,Департамент транспорта и развития дорожно-транспортной инфраструктуры города Москвы,"Менжинского улица, дом 23, корпус 1",8,ГКУ Центр организации дорожного движения Правительства Москвы,[{'OperationOrganizationPhone': '(495) 361-78-07'}],37.661440,55.870002,"{'coordinates': [37.66144, 55.870002], 'type': 'Point'}","{'coordinates': [37.66144, 55.870002], 'type': 'Point'}"
137,624b10b94174701856b96fa0,1220,Велосипедная парковка № 080146110640,19645942,1013d898-5f8e-46e8-a689-89699fce7483,Северо-Восточный административный округ,район Южное Медведково,Департамент транспорта и развития дорожно-транспортной инфраструктуры города Москвы,"Дежнева проезд, дом 13",8,ГКУ Центр организации дорожного движения Правительства Москвы,[{'OperationOrganizationPhone': '(495) 361-78-07'}],37.641260,55.870965,"{'coordinates': [37.64126, 55.870965], 'type': 'Point'}","{'coordinates': [37.64126, 55.870965], 'type': 'Point'}"
138,624b10b94174701856b96fa1,1221,Велосипедная парковка № 080146412165,19645943,ec56c8af-c4b3-4a97-8e57-be7e18ecbae1,Северо-Восточный административный округ,район Южное Медведково,Департамент транспорта и развития дорожно-транспортной инфраструктуры города Москвы,"Полярная улица, дом 5, корпус 1",8,ГКУ Центр организации дорожного движения Правительства Москвы,[{'OperationOrganizationPhone': '(495) 361-78-07'}],37.636987,55.873592,"{'coordinates': [37.636987, 55.873592], 'type': 'Point'}","{'coordinates': [37.636987, 55.873592], 'type': 'Point'}"
139,624b10b94174701856b96fa2,1222,Велосипедная парковка № 080146110052,19645944,f33e4736-3ed4-49d1-bbb2-e7dc130eb1a6,Северо-Восточный административный округ,район Отрадное,Департамент транспорта и развития дорожно-транспортной инфраструктуры города Москвы,"Алтуфьевское шоссе, дом 8",8,ГКУ Центр организации дорожного движения Правительства Москвы,[{'OperationOrganizationPhone': '(495) 361-78-07'}],37.585305,55.853287,"{'coordinates': [37.585305, 55.853287], 'type': 'Point'}","{'coordinates': [37.585305, 55.853287], 'type': 'Point'}"
140,624b10b94174701856b96fa3,1224,Велосипедная парковка № 080146316690,19645946,1d1681a8-c196-4de9-9a65-f6b1c0940b9c,Северо-Восточный административный округ,Алексеевский район,Департамент транспорта и развития дорожно-транспортной инфраструктуры города Москвы,"Мира проспект, дом 180",8,ГКУ Центр организации дорожного движения Правительства Москвы,[{'OperationOrganizationPhone': '(495) 361-78-07'}],37.645362,55.824037,"{'coordinates': [37.645362, 55.824037], 'type': 'Point'}","{'coordinates': [37.645362, 55.824037], 'type': 'Point'}"
141,624b10b94174701856b96fa4,1225,Велосипедная парковка № 080146113473,19645947,eb1e34b3-606f-4aa1-a7f9-2e8629d24960,Северо-Восточный административный округ,Лосиноостровский район,Департамент транспорта и развития дорожно-транспортной инфраструктуры города Москвы,"Челюскинская улица, дом 2",8,ГКУ Центр организации дорожного движения Правительства Москвы,[{'OperationOrganizationPhone': '(495) 361-78-07'}],37.700538,55.878373,"{'coordinates': [37.700538, 55.878373], 'type': 'Point'}","{'coordinates': [37.700538, 55.878373], 'type': 'Point'}"
142,624b10b94174701856b96fa6,1252,Велосипедная парковка № 080146112911,19645974,ea487023-eb18-40d6-856b-e48ad9678db5,Северо-Восточный административный округ,район Северное Медведково,Департамент транспорта и развития дорожно-транспортной инфраструктуры города Москвы,"Улица Тихомирова, дом 6",8,ГКУ Центр организации дорожного движения Правительства Москвы,[{'OperationOrganizationPhone': '(495) 361-78-07'}],37.649302,55.884173,"{'coordinates': [37.649302, 55.884173], 'type': 'Point'}","{'coordinates': [37.649302, 55.884173], 'type': 'Point'}"
143,624b10b94174701856b96fa9,1227,Велосипедная парковка № 080146112165,19646192,51385026-bbf7-4384-9d76-343d3f5be57b,Северо-Восточный административный округ,район Северное Медведково,Департамент транспорта и развития дорожно-транспортной инфраструктуры города Москвы,"Полярная улица, дом 26, корпус 1",8,ГКУ Центр организации дорожного движения Правительства Москвы,[{'OperationOrganizationPhone': '(495) 361-78-07'}],37.639638,55.881323,"{'coordinates': [37.639638, 55.881323], 'type': 'Point'}","{'coordinates': [37.639638, 55.881323], 'type': 'Point'}"
144,624b10b94174701856b96faa,1226,Велосипедная парковка № 080146113972,19646462,86be4877-9bf4-4ef6-8ce0-8bfff311e7ff,Северо-Восточный административный округ,район Северный,Департамент транспорта и развития дорожно-транспортной инфраструктуры города Москвы,"Северная 6-я линия, дом 1",8,ГКУ Центр организации дорожного движения Правительства Москвы,[{'OperationOrganizationPhone': '(495) 361-78-07'}],37.552320,55.937753,"{'coordinates': [37.55232, 55.937753], 'type': 'Point'}","{'coordinates': [37.55232, 55.937753], 'type': 'Point'}"
145,624b10b94174701856b96fb2,1245,Велосипедная парковка № 080146112096,19646479,bb9dac8c-d5dd-42fb-9d86-35d701be340c,Северо-Восточный административный округ,район Бибирево,Департамент транспорта и развития дорожно-транспортной инфраструктуры города Москвы,"ул. Плещеева, д. 26А",8,ГКУ Центр организации дорожного движения Правительства Москвы,[{'OperationOrganizationPhone': '(495) 361-78-07'}],37.6165293,55.888418,"{'coordinates': [37.6165293, 55.888418], 'type': 'Point'}","{'coordinates': [37.6165293, 55.888418], 'type': 'Point'}"
146,624b10b94174701856b96fb3,1248,Велосипедная парковка № 080146115671,19646482,124106b5-5ca8-40a4-b975-3873e57bb07c,Северо-Восточный административный округ,район Лианозово,Департамент транспорта и развития дорожно-транспортной инфраструктуры города Москвы,"Дмитровское шоссе, дом 116 Д",8,ГКУ Центр организации дорожного движения Правительства Москвы,[{'OperationOrganizationPhone': '(495) 361-78-07'}],37.548155,55.901247,"{'coordinates': [37.548155, 55.901247], 'type': 'Point'}","{'coordinates': [37.548155, 55.901247], 'type': 'Point'}"
147,624b10b94174701856b96fb4,1251,Велосипедная парковка № 080146212911,19646485,0c7acb33-6366-4dfd-bf8c-4e4deb000481,Северо-Восточный административный округ,район Северное Медведково,Департамент транспорта и развития дорожно-транспортной инфраструктуры города Москвы,"Улица Тихомирова, дом 10, корпус 1",8,ГКУ Центр организации дорожного движения Правительства Москвы,[{'OperationOrganizationPhone': '(495) 361-78-07'}],37.653093,55.883983,"{'coordinates': [37.653093, 55.883983], 'type': 'Point'}","{'coordinates': [37.653093, 55.883983], 'type': 'Point'}"
148,624b10b94174701856b96fb5,1253,Велосипедная парковка № 080146112779,19646486,63714714-0929-4c42-bd5f-eca64a9f5a4b,Северо-Восточный административный округ,район Марьина Роща,Департамент транспорта и развития дорожно-транспортной инфраструктуры города Москвы,"3-й Стрелецкий проезд, дом 3",8,ГКУ Центр организации дорожного движения Правительства Москвы,[{'OperationOrganizationPhone': '(495) 361-78-07'}],37.605078,55.794413,"{'coordinates': [37.605078, 55.794413], 'type': 'Point'}","{'coordinates': [37.605078, 55.794413], 'type': 'Point'}"
149,624b10b94174701856b96fb6,1254,Велосипедная парковка № 080146313112,19646487,9b87bda2-0189-4515-909c-c046f8687c2e,Северо-Восточный административный округ,Останкинский район,Департамент транспорта и развития дорожно-транспортной инфраструктуры города Москвы,"Мурманский проезд, дом 10",8,ГКУ Центр организации дорожного движения Правительства Москвы,[{'OperationOrganizationPhone': '(495) 361-78-07'}],37.627970,55.803818,"{'coordinates': [37.62797, 55.803818], 'type': 'Point'}","{'coordinates': [37.62797, 55.803818], 'type': 'Point'}"
150,624b10b94174701856b96fb7,1255,Велосипедная парковка № 080146212734,19646488,c6482998-f742-4500-9908-cd904d92ff42,Северо-Восточный административный округ,Бабушкинский район,Департамент транспорта и развития дорожно-транспортной инфраструктуры города Москвы,"Староватутинский проезд, дом 6",8,ГКУ Центр организации дорожного движения Правительства Москвы,[{'OperationOrganizationPhone': '(495) 361-78-07'}],37.672467,55.874257,"{'coordinates': [37.672467, 55.874257], 'type': 'Point'}","{'coordinates': [37.672467, 55.874257], 'type': 'Point'}"
151,624b10b94174701856b96fb8,1256,Велосипедная парковка № 080146112734,19646489,54c89ef8-c915-4c53-8ec9-64a25389f04f,Северо-Восточный административный округ,Бабушкинский район,Департамент транспорта и развития дорожно-транспортной инфраструктуры города Москвы,"Староватутинский проезд, дом 8, корпус 1",8,ГКУ Центр организации дорожного движения Правительства Москвы,[{'OperationOrganizationPhone': '(495) 361-78-07'}],37.672190,55.877208,"{'coordinates': [37.67219, 55.877208], 'type': 'Point'}","{'coordinates': [37.67219, 55.877208], 'type': 'Point'}"
152,624b10b94174701856b96fb9,1257,Велосипедная парковка № 080146110552,19646490,e24306c9-5a11-4d23-823c-2256b7687e71,Северо-Восточный административный округ,Бутырский район,Департамент транспорта и развития дорожно-транспортной инфраструктуры города Москвы,"Улица Гончарова, дом 17, корпус 4",8,ГКУ Центр организации дорожного движения Правительства Москвы,[{'OperationOrganizationPhone': '(495) 361-78-07'}],37.590643,55.816112,"{'coordinates': [37.590643, 55.816112], 'type': 'Point'}","{'coordinates': [37.590643, 55.816112], 'type': 'Point'}"
153,624b10b94174701856b96fdb,1228,Велосипедная парковка № 080146112548,19648476,a04a16fa-9d96-489b-80e0-21f16935a4a6,Северо-Восточный административный округ,район Северное Медведково,Департамент транспорта и развития дорожно-транспортной инфраструктуры города Москвы,"Северодвинская улица, дом 11, корпус 2",8,ГКУ Центр организации дорожного движения Правительства Москвы,[{'OperationOrganizationPhone': '(495) 361-78-07'}],37.678297,55.890845,"{'coordinates': [37.678297, 55.890845], 'type': 'Point'}","{'coordinates': [37.678297, 55.890845], 'type': 'Point'}"
154,624b10b94174701856b97088,1750,Велосипедная парковка № 080146213112,167602578,9b9f6f65-c694-4e08-92be-ddbeb7d21fbb,Северо-Восточный административный округ,Останкинский район,Департамент транспорта и развития дорожно-транспортной инфраструктуры города Москвы,"Мурманский проезд, 8",1,ГКУ Центр организации дорожного движения Правительства Москвы,[{'OperationOrganizationPhone': '(495) 361-78-07'}],37.629109,55.803265,"{'coordinates': [37.629109, 55.803265], 'type': 'Point'}","{'coordinates': [37.629109, 55.803265], 'type': 'Point'}"
155,624b10b94174701856b97089,1751,Велосипедная парковка № 080146113112,167602579,a6472998-bd03-48ef-993d-a32333a713c8,Северо-Восточный административный округ,Останкинский район,Департамент транспорта и развития дорожно-транспортной инфраструктуры города Москвы,"Мурманский проезд, дом 12",1,ГКУ Центр организации дорожного движения Правительства Москвы,[{'OperationOrganizationPhone': '(495) 361-78-07'}],37.627200,55.804315,"{'coordinates': [37.6272, 55.804315], 'type': 'Point'}","{'coordinates': [37.6272, 55.804315], 'type': 'Point'}"
156,624b10b94174701856b970e6,2302,Велосипедная парковка № 080000111884,282199418,bb302b81-b2cd-4d63-bca3-66d8de88bf0a,Северо-Восточный административный округ,Бабушкинский район,Департамент транспорта и развития дорожно-транспортной инфраструктуры города Москвы,"Олонецкий проезд, дом 6, ГБОУ СОШ № 331",10,ГКУ Центр организации дорожного движения Правительства Москвы,[{'OperationOrganizationPhone': '(495) 361-78-07'}],37.6601343,55.874443,"{'coordinates': [37.6601343, 55.874443], 'type': 'Point'}","{'coordinates': [37.6601343, 55.874443], 'type': 'Point'}"
157,624b10b94174701856b970f0,2403,Велосипедная парковка № 080000312846,282199527,e61eefbc-12e3-4da1-8e7c-158e44b9cd1d,Северо-Восточный административный округ,Лосиноостровский район,Департамент транспорта и развития дорожно-транспортной инфраструктуры города Москвы,"улица Таймырская, дом 5, строение 3, ГБОУ СОШ № 751",1,ГКУ Центр организации дорожного движения Правительства Москвы,[{'OperationOrganizationPhone': '(495) 361-78-07'}],37.6956473,55.884202,"{'coordinates': [37.6956473, 55.884202], 'type': 'Point'}","{'coordinates': [37.6956473, 55.884202], 'type': 'Point'}"
158,624b10b94174701856b97138,2792,Велосипедная парковка № 080000410052,282199952,9f17b031-1c90-4cc6-b99b-3db16595872c,Северо-Восточный административный округ,район Отрадное,Департамент транспорта и развития дорожно-транспортной инфраструктуры города Москвы,"Алтуфьевское шоссе, дом 24А",1,ГКУ Центр организации дорожного движения Правительства Москвы,[{'OperationOrganizationPhone': '(495) 361-78-07'}],37.5852853,55.861762,"{'coordinates': [37.5852853, 55.861762], 'type': 'Point'}","{'coordinates': [37.5852853, 55.861762], 'type': 'Point'}"
159,624b10b94174701856b97139,2793,Велосипедная парковка № 080000310052,282199953,78bb1af3-1ccf-4248-aea9-940925791fda,Северо-Восточный административный округ,район Отрадное,Департамент транспорта и развития дорожно-транспортной инфраструктуры города Москвы,"Алтуфьевское шоссе, дом 30А",1,ГКУ Центр организации дорожного движения Правительства Москвы,[{'OperationOrganizationPhone': '(495) 361-78-07'}],37.5855062,55.865871,"{'coordinates': [37.5855062, 55.865871], 'type': 'Point'}","{'coordinates': [37.5855062, 55.865871], 'type': 'Point'}"
160,624b10b94174701856b9713a,2796,Велосипедная парковка № 080000110052,282199956,89ab3c91-f1e7-4320-bd35-a7b6264653f8,Северо-Восточный административный округ,район Бибирево,Департамент транспорта и развития дорожно-транспортной инфраструктуры города Москвы,"Алтуфьевское шоссе, дом 94",1,ГКУ Центр организации дорожного движения Правительства Москвы,[{'OperationOrganizationPhone': '(495) 361-78-07'}],37.5881983,55.901875,"{'coordinates': [37.5881983, 55.901875], 'type': 'Point'}","{'coordinates': [37.5881983, 55.901875], 'type': 'Point'}"
161,624b10b94174701856b9714a,3009,Велосипедная парковка № 080630112467,1032867400,e29e0fac-684b-4972-90ce-e77dc8ee0c17,Северо-Восточный административный округ,Бутырский район,Департамент транспорта и развития дорожно-транспортной инфраструктуры города Москвы,"улица Яблочкова, дом 41",8,ГКУ Центр организации дорожного движения,[{'OperationOrganizationPhone': '(495) 361-78-07'}],37.578532,55.828197,"{'coordinates': [37.578532, 55.828197], 'type': 'Point'}","{'coordinates': [37.578532, 55.828197], 'type': 'Point'}"
162,624b10b94174701856b9714b,3011,Велосипедная парковка № 080000912971,1032867409,ba4f583d-0221-401e-9473-bcb52560c08c,Северо-Восточный административный округ,район Марфино,Департамент транспорта и развития дорожно-транспортной инфраструктуры города Москвы,"Большая Марфинская улица, дом 4",8,ГКУ Центр организации дорожного движения,[{'OperationOrganizationPhone': '(495) 361-78-07'}],37.592968,55.831428,"{'coordinates': [37.592968, 55.831428], 'type': 'Point'}","{'coordinates': [37.592968, 55.831428], 'type': 'Point'}"
163,624b10b94174701856b9714d,3013,Велосипедная парковка № 080000912945,1032867416,dbfc58f3-5c3f-413c-8319-59efd4169a22,Северо-Восточный административный округ,Ярославский район,Департамент транспорта и развития дорожно-транспортной инфраструктуры города Москвы,"Ярославское шоссе, дом 5",10,ГКУ Центр организации дорожного движения,[{'OperationOrganizationPhone': '(495) 361-78-07'}],37.677948,55.852874,"{'coordinates': [37.677948, 55.852874], 'type': 'Point'}","{'coordinates': [37.677948, 55.852874], 'type': 'Point'}"
164,624b10b94174701856b97156,3022,Велосипедная парковка № 080000115004,1079259556,124a3ef7-2297-400b-91ee-1f7283bb1b6e,Северо-Восточный административный округ,Бутырский район,Департамент транспорта и развития дорожно-транспортной инфраструктуры города Москвы,"Улица Гончарова, дом 13",2,ГКУ Центр организации дорожного движения,[{'OperationOrganizationPhone': '(495) 361-78-07'}],37.585881,55.815015,"{'coordinates': [37.585881, 55.815015], 'type': 'Point'}","{'coordinates': [37.585881, 55.815015], 'type': 'Point'}"
165,624b10b94174701856b97172,3050,Велосипедная парковка № 110136013712,1146363136,ac829e94-d445-4b74-a210-1359b2f24507,Северо-Восточный административный округ,Лосиноостровский район,Департамент транспорта и развития дорожно-транспортной инфраструктуры города Москвы,"Тайнинская улица, дом 16, корпус 2",1,ГКУ Центр организации дорожного движения Правительства Москвы,[{'OperationOrganizationPhone': '(495) 361-78-07'}],37.687200,55.880549,"{'coordinates': [37.6872, 55.880549], 'type': 'Point'}","{'coordinates': [37.6872, 55.880549], 'type': 'Point'}"
166,624b10b94174701856b97173,3051,Велосипедная парковка № 110136013568,1146363161,4e58ad91-12c7-4d2e-b144-88f89349970a,Северо-Восточный административный округ,Бабушкинский район,Департамент транспорта и развития дорожно-транспортной инфраструктуры города Москвы,"Верхоянская улица, дом 6, корпус 1",1,ГКУ Центр организации дорожного движения Правительства Москвы,[{'OperationOrganizationPhone': '(495) 361-78-07'}],37.671020,55.858283,"{'coordinates': [37.67102, 55.858283], 'type': 'Point'}","{'coordinates': [37.67102, 55.858283], 'type': 'Point'}"
